USE easyfsr;

-- USER
INSERT INTO user (employeeID, password, firstName, middleName, lastName, committee, officeNumber, contractType, emailAddress, acctType) VALUES ('1000335121', '$2a$10$JQL/6dENt1TQofx49huAmu1e/K/m8UPn4SGXixRU5NYDK/QzpudbW', 'Admin', 'Admin', 'Admin', 'Extension', 'C-113', 'FULL-TIME', 'admin@up.edu.ph', 'ADMIN');
INSERT INTO user (employeeID, password, firstName, middleName, lastName, committee, officeNumber, contractType, emailAddress, acctType) VALUES ('1000335120', '$2a$10$JQL/6dENt1TQofx49huAmu1e/K/m8UPn4SGXixRU5NYDK/QzpudbW', 'Lorri', 'Keigher', 'Gherardelli', 'Extension', 'C-113', 'PART-TIME', 'lgherardelli0@up.edu.ph', 'ADMIN');
INSERT INTO user (employeeID, password, firstName, middleName, lastName, committee, officeNumber, contractType, emailAddress) VALUES ('1000466663', '$2a$10$JQL/6dENt1TQofx49huAmu1e/K/m8UPn4SGXixRU5NYDK/QzpudbW', 'Delmer', 'Engeham', 'Bisterfeld', 'Sports', 'C-112', 'FULL-TIME', 'dbisterfeld1@up.edu.ph');
INSERT INTO user (employeeID, password, firstName, middleName, lastName, committee, officeNumber, contractType, emailAddress) VALUES ('1000349383', '$2a$10$JQL/6dENt1TQofx49huAmu1e/K/m8UPn4SGXixRU5NYDK/QzpudbW', 'Kathryne', 'Mitchener', 'Bodicam', 'Curriculum & Instruction', 'C-114', 'FULL-TIME', 'kbodicam2@up.edu.ph');
INSERT INTO user (employeeID, password, firstName, middleName, lastName, committee, officeNumber, contractType, emailAddress) VALUES ('1000917030', '$2a$10$JQL/6dENt1TQofx49huAmu1e/K/m8UPn4SGXixRU5NYDK/QzpudbW', 'Carole', 'De Ruggero', 'Dimic', 'Research', 'C-116', 'FULL-TIME', 'cdimic3@up.edu.ph');
INSERT INTO user (employeeID, password, firstName, middleName, lastName, committee, officeNumber, contractType, emailAddress) VALUES ('1000214330', '$2a$10$JQL/6dENt1TQofx49huAmu1e/K/m8UPn4SGXixRU5NYDK/QzpudbW', 'Charin', 'Baggs', 'Duerden', 'Curriculum & Instruction', 'C-114', 'PART-TIME', 'cduerden4@up.edu.ph');
INSERT INTO user (employeeID, password, firstName, middleName, lastName, committee, officeNumber, contractType, emailAddress) VALUES ('1000606753', '$2a$10$JQL/6dENt1TQofx49huAmu1e/K/m8UPn4SGXixRU5NYDK/QzpudbW', 'Maude', 'Crass', 'Southwick', 'Sports', 'C-115', 'FULL-TIME', 'msouthwick5@up.edu.ph');
INSERT INTO user (employeeID, password, firstName, middleName, lastName, committee, officeNumber, contractType, emailAddress) VALUES ('1000067174', '$2a$10$JQL/6dENt1TQofx49huAmu1e/K/m8UPn4SGXixRU5NYDK/QzpudbW', 'Thurston', 'Daouse', 'Hastwell', 'Extension', 'C-118', 'FULL-TIME', 'thastwell6@up.edu.ph');
INSERT INTO user (employeeID, password, firstName, middleName, lastName, committee, officeNumber, contractType, emailAddress) VALUES ('1000043866', '$2a$10$JQL/6dENt1TQofx49huAmu1e/K/m8UPn4SGXixRU5NYDK/QzpudbW', 'Aveline', 'Levi', 'Sotham', 'Sports', 'C-113', 'FULL-TIME', 'asotham7@up.edu.ph');
INSERT INTO user (employeeID, password, firstName, middleName, lastName, committee, officeNumber, contractType, emailAddress) VALUES ('1000322226', '$2a$10$JQL/6dENt1TQofx49huAmu1e/K/m8UPn4SGXixRU5NYDK/QzpudbW', 'Alessandra', 'Ratnege', 'Newband', 'Curriculum & Instruction', 'C-113', 'FULL-TIME', 'anewband8@up.edu.ph');
INSERT INTO user (employeeID, password, firstName, middleName, lastName, committee, officeNumber, contractType, emailAddress) VALUES ('1000944069', '$2a$10$JQL/6dENt1TQofx49huAmu1e/K/m8UPn4SGXixRU5NYDK/QzpudbW', 'Johan', 'Apedaile', 'Kleinmintz', 'Research', 'C-114', 'PART-TIME', 'jkleinmintz9@up.edu.ph');
INSERT INTO user (employeeID, password, firstName, middleName, lastName, committee, officeNumber, contractType, emailAddress) VALUES ('1000278856', '$2a$10$JQL/6dENt1TQofx49huAmu1e/K/m8UPn4SGXixRU5NYDK/QzpudbW', 'Nickey', 'MacAdam', 'Gherardelli', 'Alumni Relations', 'C-115', 'PART-TIME', 'ngherardellia@up.edu.ph');
INSERT INTO user (employeeID, password, firstName, middleName, lastName, committee, officeNumber, contractType, emailAddress) VALUES ('1000359994', '$2a$10$JQL/6dENt1TQofx49huAmu1e/K/m8UPn4SGXixRU5NYDK/QzpudbW', 'Neron', 'Spaldin', 'Goodreid', 'Research', 'C-118', 'PART-TIME', 'ngoodreidb@up.edu.ph');
INSERT INTO user (employeeID, password, firstName, middleName, lastName, committee, officeNumber, contractType, emailAddress) VALUES ('1000385706', '$2a$10$JQL/6dENt1TQofx49huAmu1e/K/m8UPn4SGXixRU5NYDK/QzpudbW', 'Ethel', 'Brydell', 'Aspital', 'Registration', 'C-112', 'PART-TIME', 'easpitalc@up.edu.ph');
INSERT INTO user (employeeID, password, firstName, middleName, lastName, committee, officeNumber, contractType, emailAddress) VALUES ('1000737258', '$2a$10$JQL/6dENt1TQofx49huAmu1e/K/m8UPn4SGXixRU5NYDK/QzpudbW', 'Jeniffer', 'Abrashkin', 'Foulkes', 'Extension', 'C-115', 'PART-TIME', 'jfoulkesd@up.edu.ph');
INSERT INTO user (employeeID, password, firstName, middleName, lastName, committee, officeNumber, contractType, emailAddress) VALUES ('1000835940', '$2a$10$JQL/6dENt1TQofx49huAmu1e/K/m8UPn4SGXixRU5NYDK/QzpudbW', 'Aubree', 'Jurgen', 'Banville', 'Registration', 'C-118', 'PART-TIME', 'abanvillee@up.edu.ph');
INSERT INTO user (employeeID, password, firstName, middleName, lastName, committee, officeNumber, contractType, emailAddress) VALUES ('1000375233', '$2a$10$JQL/6dENt1TQofx49huAmu1e/K/m8UPn4SGXixRU5NYDK/QzpudbW', 'Lilly', 'Boome', 'Caddies', 'Curriculum & Instruction', 'C-116', 'FULL-TIME', 'lcaddiesf@up.edu.ph');
INSERT INTO user (employeeID, password, firstName, middleName, lastName, committee, officeNumber, contractType, emailAddress) VALUES ('1000773864', '$2a$10$JQL/6dENt1TQofx49huAmu1e/K/m8UPn4SGXixRU5NYDK/QzpudbW', 'Carlynn', 'Gurney', 'McTrustram', 'Sports', 'C-112', 'FULL-TIME', 'cmctrustramg@up.edu.ph');
INSERT INTO user (employeeID, password, firstName, middleName, lastName, committee, officeNumber, contractType, emailAddress) VALUES ('1000730899', '$2a$10$JQL/6dENt1TQofx49huAmu1e/K/m8UPn4SGXixRU5NYDK/QzpudbW', 'Jamal', 'Albion', 'Jiras', 'Registration', 'C-116', 'FULL-TIME', 'jjirash@up.edu.ph');
INSERT INTO user (employeeID, password, firstName, middleName, lastName, committee, officeNumber, contractType, emailAddress) VALUES ('1000089260', '$2a$10$JQL/6dENt1TQofx49huAmu1e/K/m8UPn4SGXixRU5NYDK/QzpudbW', 'Sunny', 'Martland', 'Ulyat', 'Extension', 'C-112', 'PART-TIME', 'sulyati@up.edu.ph');
INSERT INTO user (employeeID, password, firstName, middleName, lastName, committee, officeNumber, contractType, emailAddress) VALUES ('1000477064', '$2a$10$JQL/6dENt1TQofx49huAmu1e/K/m8UPn4SGXixRU5NYDK/QzpudbW', 'Garrett', 'Keitch', 'Ulster', 'Curriculum & Instruction', 'C-112', 'FULL-TIME', 'gulsterj@up.edu.ph');
INSERT INTO user (employeeID, password, firstName, middleName, lastName, committee, officeNumber, contractType, emailAddress) VALUES ('1000380417', '$2a$10$JQL/6dENt1TQofx49huAmu1e/K/m8UPn4SGXixRU5NYDK/QzpudbW', 'Hertha', 'Dodgshon', 'Purchase', 'Extension', 'C-118', 'FULL-TIME', 'hpurchasek@up.edu.ph');
INSERT INTO user (employeeID, password, firstName, middleName, lastName, committee, officeNumber, contractType, emailAddress) VALUES ('1000741254', '$2a$10$JQL/6dENt1TQofx49huAmu1e/K/m8UPn4SGXixRU5NYDK/QzpudbW', 'Roma', 'Parkin', 'Burdass', 'Sports', 'C-114', 'FULL-TIME', 'rburdassl@up.edu.ph');
INSERT INTO user (employeeID, password, firstName, middleName, lastName, committee, officeNumber, contractType, emailAddress) VALUES ('1000795879', '$2a$10$JQL/6dENt1TQofx49huAmu1e/K/m8UPn4SGXixRU5NYDK/QzpudbW', 'Renard', 'Gladdolph', 'Bryenton', 'Extension', 'C-118', 'PART-TIME', 'rbryentonm@up.edu.ph');
INSERT INTO user (employeeID, password, firstName, middleName, lastName, committee, officeNumber, contractType, emailAddress) VALUES ('1000260529', '$2a$10$JQL/6dENt1TQofx49huAmu1e/K/m8UPn4SGXixRU5NYDK/QzpudbW', 'Jeane', 'Mowsdell', 'Busk', 'Extension', 'C-113', 'PART-TIME', 'jbuskn@up.edu.ph');
INSERT INTO user (employeeID, password, firstName, middleName, lastName, committee, officeNumber, contractType, emailAddress) VALUES ('1000319408', '$2a$10$JQL/6dENt1TQofx49huAmu1e/K/m8UPn4SGXixRU5NYDK/QzpudbW', 'Rickie', 'Ferrai', 'Mullany', 'Registration', 'C-116', 'FULL-TIME', 'rmullanyo@up.edu.ph');
INSERT INTO user (employeeID, password, firstName, middleName, lastName, committee, officeNumber, contractType, emailAddress) VALUES ('1000167276', '$2a$10$JQL/6dENt1TQofx49huAmu1e/K/m8UPn4SGXixRU5NYDK/QzpudbW', 'Austin', 'Cino', 'Johannesson', 'Alumni Relations', 'C-113', 'FULL-TIME', 'ajohannessonp@up.edu.ph');
INSERT INTO user (employeeID, password, firstName, middleName, lastName, committee, officeNumber, contractType, emailAddress) VALUES ('1000342420', '$2a$10$JQL/6dENt1TQofx49huAmu1e/K/m8UPn4SGXixRU5NYDK/QzpudbW', 'Rebecca', 'Battison', 'Benson', 'Sports', 'C-118', 'FULL-TIME', 'rbensonq@up.edu.ph');
INSERT INTO user (employeeID, password, firstName, middleName, lastName, committee, officeNumber, contractType, emailAddress) VALUES ('1000277695', '$2a$10$JQL/6dENt1TQofx49huAmu1e/K/m8UPn4SGXixRU5NYDK/QzpudbW', 'Fergus', 'Kenforth', 'Juckes', 'Alumni Relations', 'C-110', 'PART-TIME', 'fjuckesr@up.edu.ph');
INSERT INTO user (employeeID, password, firstName, middleName, lastName, committee, officeNumber, contractType, emailAddress) VALUES ('1000597752', '$2a$10$JQL/6dENt1TQofx49huAmu1e/K/m8UPn4SGXixRU5NYDK/QzpudbW', 'Aurora', 'Popov', 'Shinton', 'Curriculum & Instruction', 'C-113', 'PART-TIME', 'ashintons@up.edu.ph');

-- FSR
INSERT INTO fsr (userID, acadYear, semester) VALUES (1, '2017-2018', 'Second');
INSERT INTO fsr (userID, acadYear, semester) VALUES (1, '2017-2018', 'First');
INSERT INTO fsr (userID, acadYear, semester) VALUES (1, '2016-2017', 'Second');
INSERT INTO fsr (userID, acadYear, semester) VALUES (2, '2017-2018', 'Second');
INSERT INTO fsr (userID, acadYear, semester) VALUES (2, '2017-2018', 'First');
INSERT INTO fsr (userID, acadYear, semester) VALUES (2, '2016-2017', 'Second');
INSERT INTO fsr (userID, acadYear, semester) VALUES (3, '2017-2018', 'Second');
INSERT INTO fsr (userID, acadYear, semester) VALUES (3, '2017-2018', 'First');
INSERT INTO fsr (userID, acadYear, semester) VALUES (3, '2016-2017', 'Second');
INSERT INTO fsr (userID, acadYear, semester) VALUES (4, '2017-2018', 'Second');
INSERT INTO fsr (userID, acadYear, semester) VALUES (4, '2017-2018', 'First');
INSERT INTO fsr (userID, acadYear, semester) VALUES (4, '2016-2017', 'Second');
INSERT INTO fsr (userID, acadYear, semester) VALUES (5, '2017-2018', 'Second');
INSERT INTO fsr (userID, acadYear, semester) VALUES (5, '2017-2018', 'First');
INSERT INTO fsr (userID, acadYear, semester) VALUES (5, '2016-2017', 'Second');
INSERT INTO fsr (userID, acadYear, semester) VALUES (6, '2017-2018', 'Second');
INSERT INTO fsr (userID, acadYear, semester) VALUES (6, '2017-2018', 'First');
INSERT INTO fsr (userID, acadYear, semester) VALUES (6, '2016-2017', 'Second');
INSERT INTO fsr (userID, acadYear, semester) VALUES (7, '2017-2018', 'Second');
INSERT INTO fsr (userID, acadYear, semester) VALUES (7, '2017-2018', 'First');
INSERT INTO fsr (userID, acadYear, semester) VALUES (7, '2016-2017', 'Second');
INSERT INTO fsr (userID, acadYear, semester) VALUES (8, '2017-2018', 'Second');
INSERT INTO fsr (userID, acadYear, semester) VALUES (8, '2017-2018', 'First');
INSERT INTO fsr (userID, acadYear, semester) VALUES (8, '2016-2017', 'Second');
INSERT INTO fsr (userID, acadYear, semester) VALUES (9, '2017-2018', 'Second');
INSERT INTO fsr (userID, acadYear, semester) VALUES (9, '2017-2018', 'First');
INSERT INTO fsr (userID, acadYear, semester) VALUES (9, '2016-2017', 'Second');
INSERT INTO fsr (userID, acadYear, semester) VALUES (10, '2017-2018', 'Second');
INSERT INTO fsr (userID, acadYear, semester) VALUES (10, '2017-2018', 'First');
INSERT INTO fsr (userID, acadYear, semester) VALUES (10, '2016-2017', 'Second');
INSERT INTO fsr (userID, acadYear, semester) VALUES (11, '2017-2018', 'Second');
INSERT INTO fsr (userID, acadYear, semester) VALUES (11, '2017-2018', 'First');
INSERT INTO fsr (userID, acadYear, semester) VALUES (11, '2016-2017', 'Second');
INSERT INTO fsr (userID, acadYear, semester) VALUES (12, '2017-2018', 'Second');
INSERT INTO fsr (userID, acadYear, semester) VALUES (12, '2017-2018', 'First');
INSERT INTO fsr (userID, acadYear, semester) VALUES (12, '2016-2017', 'Second');
INSERT INTO fsr (userID, acadYear, semester) VALUES (13, '2017-2018', 'Second');
INSERT INTO fsr (userID, acadYear, semester) VALUES (13, '2017-2018', 'First');
INSERT INTO fsr (userID, acadYear, semester) VALUES (13, '2016-2017', 'Second');
INSERT INTO fsr (userID, acadYear, semester) VALUES (14, '2017-2018', 'Second');
INSERT INTO fsr (userID, acadYear, semester) VALUES (14, '2017-2018', 'First');
INSERT INTO fsr (userID, acadYear, semester) VALUES (14, '2016-2017', 'Second');
INSERT INTO fsr (userID, acadYear, semester) VALUES (15, '2017-2018', 'Second');
INSERT INTO fsr (userID, acadYear, semester) VALUES (15, '2017-2018', 'First');
INSERT INTO fsr (userID, acadYear, semester) VALUES (15, '2016-2017', 'Second');
INSERT INTO fsr (userID, acadYear, semester) VALUES (16, '2017-2018', 'Second');
INSERT INTO fsr (userID, acadYear, semester) VALUES (16, '2017-2018', 'First');
INSERT INTO fsr (userID, acadYear, semester) VALUES (16, '2016-2017', 'Second');
INSERT INTO fsr (userID, acadYear, semester) VALUES (17, '2017-2018', 'Second');
INSERT INTO fsr (userID, acadYear, semester) VALUES (17, '2017-2018', 'First');
INSERT INTO fsr (userID, acadYear, semester) VALUES (17, '2016-2017', 'Second');
INSERT INTO fsr (userID, acadYear, semester) VALUES (18, '2017-2018', 'Second');
INSERT INTO fsr (userID, acadYear, semester) VALUES (18, '2017-2018', 'First');
INSERT INTO fsr (userID, acadYear, semester) VALUES (18, '2016-2017', 'Second');
INSERT INTO fsr (userID, acadYear, semester) VALUES (19, '2017-2018', 'Second');
INSERT INTO fsr (userID, acadYear, semester) VALUES (19, '2017-2018', 'First');
INSERT INTO fsr (userID, acadYear, semester) VALUES (19, '2016-2017', 'Second');
INSERT INTO fsr (userID, acadYear, semester) VALUES (20, '2017-2018', 'Second');
INSERT INTO fsr (userID, acadYear, semester) VALUES (20, '2017-2018', 'First');
INSERT INTO fsr (userID, acadYear, semester) VALUES (20, '2016-2017', 'Second');
INSERT INTO fsr (userID, acadYear, semester) VALUES (21, '2017-2018', 'Second');
INSERT INTO fsr (userID, acadYear, semester) VALUES (21, '2017-2018', 'First');
INSERT INTO fsr (userID, acadYear, semester) VALUES (21, '2016-2017', 'Second');
INSERT INTO fsr (userID, acadYear, semester) VALUES (22, '2017-2018', 'Second');
INSERT INTO fsr (userID, acadYear, semester) VALUES (22, '2017-2018', 'First');
INSERT INTO fsr (userID, acadYear, semester) VALUES (22, '2016-2017', 'Second');
INSERT INTO fsr (userID, acadYear, semester) VALUES (23, '2017-2018', 'Second');
INSERT INTO fsr (userID, acadYear, semester) VALUES (23, '2017-2018', 'First');
INSERT INTO fsr (userID, acadYear, semester) VALUES (23, '2016-2017', 'Second');
INSERT INTO fsr (userID, acadYear, semester) VALUES (24, '2017-2018', 'Second');
INSERT INTO fsr (userID, acadYear, semester) VALUES (24, '2017-2018', 'First');
INSERT INTO fsr (userID, acadYear, semester) VALUES (24, '2016-2017', 'Second');
INSERT INTO fsr (userID, acadYear, semester) VALUES (25, '2017-2018', 'Second');
INSERT INTO fsr (userID, acadYear, semester) VALUES (25, '2017-2018', 'First');
INSERT INTO fsr (userID, acadYear, semester) VALUES (25, '2016-2017', 'Second');
INSERT INTO fsr (userID, acadYear, semester) VALUES (26, '2017-2018', 'Second');
INSERT INTO fsr (userID, acadYear, semester) VALUES (26, '2017-2018', 'First');
INSERT INTO fsr (userID, acadYear, semester) VALUES (26, '2016-2017', 'Second');
INSERT INTO fsr (userID, acadYear, semester) VALUES (27, '2017-2018', 'Second');
INSERT INTO fsr (userID, acadYear, semester) VALUES (27, '2017-2018', 'First');
INSERT INTO fsr (userID, acadYear, semester) VALUES (27, '2016-2017', 'Second');
INSERT INTO fsr (userID, acadYear, semester) VALUES (28, '2017-2018', 'Second');
INSERT INTO fsr (userID, acadYear, semester) VALUES (28, '2017-2018', 'First');
INSERT INTO fsr (userID, acadYear, semester) VALUES (28, '2016-2017', 'Second');
INSERT INTO fsr (userID, acadYear, semester) VALUES (29, '2017-2018', 'Second');
INSERT INTO fsr (userID, acadYear, semester) VALUES (29, '2017-2018', 'First');
INSERT INTO fsr (userID, acadYear, semester) VALUES (29, '2016-2017', 'Second');
INSERT INTO fsr (userID, acadYear, semester) VALUES (30, '2017-2018', 'Second');
INSERT INTO fsr (userID, acadYear, semester) VALUES (30, '2017-2018', 'First');
INSERT INTO fsr (userID, acadYear, semester) VALUES (30, '2016-2017', 'Second');

-- SUBJECT
INSERT INTO subject (id, subjectCode, teachingLoadCreds, noOfStudents, hoursPerWeek, sectionCode, room) VALUES (1, 'CMSC11', 4, 44, 3, 'X', 'ICSMH');
INSERT INTO subject (id, subjectCode, teachingLoadCreds, noOfStudents, hoursPerWeek, sectionCode, room) VALUES (2, 'CMSC123', 5, 24, 2, 'W', 'PCLAB8');
INSERT INTO subject (id, subjectCode, teachingLoadCreds, noOfStudents, hoursPerWeek, sectionCode, room) VALUES (3, 'CMSC150', 4, 45, 2, 'Y', 'PCLAB6');
INSERT INTO subject (id, subjectCode, teachingLoadCreds, noOfStudents, hoursPerWeek, sectionCode, room) VALUES (4, 'CMSC21', 5, 44, 2, 'D', 'PCLAB4');
INSERT INTO subject (id, subjectCode, teachingLoadCreds, noOfStudents, hoursPerWeek, sectionCode, room) VALUES (5, 'CMSC141', 5, 69, 2, 'X', 'PCLAB1');
INSERT INTO subject (id, subjectCode, teachingLoadCreds, noOfStudents, hoursPerWeek, sectionCode, room) VALUES (6, 'CMSC21', 5, 62, 3, 'Z', 'ICSMH');
INSERT INTO subject (id, subjectCode, teachingLoadCreds, noOfStudents, hoursPerWeek, sectionCode, room) VALUES (7, 'CMSC21', 4, 33, 3, 'Z', 'PCLAB4');
INSERT INTO subject (id, subjectCode, teachingLoadCreds, noOfStudents, hoursPerWeek, sectionCode, room) VALUES (8, 'CMSC21', 4, 76, 2, 'W', 'ICSLH4');
INSERT INTO subject (id, subjectCode, teachingLoadCreds, noOfStudents, hoursPerWeek, sectionCode, room) VALUES (9, 'CMSC130', 5, 36, 2, 'V', 'ICSLH3');
INSERT INTO subject (id, subjectCode, teachingLoadCreds, noOfStudents, hoursPerWeek, sectionCode, room) VALUES (10, 'CMSC2', 6, 72, 3, 'W', 'PCLAB2');
INSERT INTO subject (id, subjectCode, teachingLoadCreds, noOfStudents, hoursPerWeek, sectionCode, room) VALUES (11, 'CMSC21', 3, 51, 2, 'W', 'PCLAB8');
INSERT INTO subject (id, subjectCode, teachingLoadCreds, noOfStudents, hoursPerWeek, sectionCode, room) VALUES (12, 'CMSC131', 6, 43, 3, 'U', 'ICSLH3');
INSERT INTO subject (id, subjectCode, teachingLoadCreds, noOfStudents, hoursPerWeek, sectionCode, room) VALUES (13, 'CMSC130', 3, 66, 3, 'EF', 'PCLAB6');
INSERT INTO subject (id, subjectCode, teachingLoadCreds, noOfStudents, hoursPerWeek, sectionCode, room) VALUES (14, 'CMSC141', 6, 63, 3, 'B', 'PCLAB6');
INSERT INTO subject (id, subjectCode, teachingLoadCreds, noOfStudents, hoursPerWeek, sectionCode, room) VALUES (15, 'CMSC132', 3, 58, 3, 'U', 'PCLAB6');
INSERT INTO subject (id, subjectCode, teachingLoadCreds, noOfStudents, hoursPerWeek, sectionCode, room) VALUES (16, 'CMSC124', 6, 67, 2, 'B', 'PCLAB3');
INSERT INTO subject (id, subjectCode, teachingLoadCreds, noOfStudents, hoursPerWeek, sectionCode, room) VALUES (17, 'CMSC130', 5, 51, 2, 'T', 'PCLAB7');
INSERT INTO subject (id, subjectCode, teachingLoadCreds, noOfStudents, hoursPerWeek, sectionCode, room) VALUES (18, 'CMSC124', 5, 76, 3, 'D', 'PCLAB7');
INSERT INTO subject (id, subjectCode, teachingLoadCreds, noOfStudents, hoursPerWeek, sectionCode, room) VALUES (19, 'CMSC132', 3, 63, 3, 'Z', 'PCLAB2');
INSERT INTO subject (id, subjectCode, teachingLoadCreds, noOfStudents, hoursPerWeek, sectionCode, room) VALUES (20, 'CMSC127', 6, 72, 2, 'F', 'ICSMH');
INSERT INTO subject (id, subjectCode, teachingLoadCreds, noOfStudents, hoursPerWeek, sectionCode, room) VALUES (21, 'CMSC57', 3, 50, 2, 'ST', 'ICSLH4');
INSERT INTO subject (id, subjectCode, teachingLoadCreds, noOfStudents, hoursPerWeek, sectionCode, room) VALUES (22, 'CMSC132', 4, 47, 2, 'X', 'PCLAB2');
INSERT INTO subject (id, subjectCode, teachingLoadCreds, noOfStudents, hoursPerWeek, sectionCode, room) VALUES (23, 'CMSC142', 5, 72, 3, 'S', 'ICSMH');
INSERT INTO subject (id, subjectCode, teachingLoadCreds, noOfStudents, hoursPerWeek, sectionCode, room) VALUES (24, 'CMSC128', 3, 49, 2, 'U', 'PCLAB3');
INSERT INTO subject (id, subjectCode, teachingLoadCreds, noOfStudents, hoursPerWeek, sectionCode, room) VALUES (25, 'CMSC 56', 4, 32, 3, 'C', 'PCLAB1');
INSERT INTO subject (id, subjectCode, teachingLoadCreds, noOfStudents, hoursPerWeek, sectionCode, room) VALUES (26, 'CMSC127', 3, 55, 2, 'EF', 'PCLAB6');
INSERT INTO subject (id, subjectCode, teachingLoadCreds, noOfStudents, hoursPerWeek, sectionCode, room) VALUES (27, 'CMSC131', 6, 64, 2, 'B', 'PCLAB7');
INSERT INTO subject (id, subjectCode, teachingLoadCreds, noOfStudents, hoursPerWeek, sectionCode, room) VALUES (28, 'CMSC123', 3, 73, 2, 'U', 'PCLAB1');
INSERT INTO subject (id, subjectCode, teachingLoadCreds, noOfStudents, hoursPerWeek, sectionCode, room) VALUES (29, 'CMSC128', 6, 25, 2, 'A', 'PCLAB7');
INSERT INTO subject (id, subjectCode, teachingLoadCreds, noOfStudents, hoursPerWeek, sectionCode, room) VALUES (30, 'CMSC132', 5, 26, 3, 'EF', 'PCLAB5');
INSERT INTO subject (id, subjectCode, teachingLoadCreds, noOfStudents, hoursPerWeek, sectionCode, room) VALUES (31, 'CMSC150', 5, 79, 3, 'EF', 'ICSMH');
INSERT INTO subject (id, subjectCode, teachingLoadCreds, noOfStudents, hoursPerWeek, sectionCode, room) VALUES (32, 'CMSC22', 3, 54, 3, 'C', 'ICSMH');
INSERT INTO subject (id, subjectCode, teachingLoadCreds, noOfStudents, hoursPerWeek, sectionCode, room) VALUES (33, 'CMSC150', 6, 69, 3, 'F', 'PCLAB5');
INSERT INTO subject (id, subjectCode, teachingLoadCreds, noOfStudents, hoursPerWeek, sectionCode, room) VALUES (34, 'CMSC131', 6, 38, 3, 'EF', 'PCLAB2');
INSERT INTO subject (id, subjectCode, teachingLoadCreds, noOfStudents, hoursPerWeek, sectionCode, room) VALUES (35, 'CMSC22', 4, 22, 2, 'X', 'PCLAB6');
INSERT INTO subject (id, subjectCode, teachingLoadCreds, noOfStudents, hoursPerWeek, sectionCode, room) VALUES (36, 'CMSC127', 4, 40, 2, 'C', 'PCLAB3');
INSERT INTO subject (id, subjectCode, teachingLoadCreds, noOfStudents, hoursPerWeek, sectionCode, room) VALUES (37, 'CMSC11', 4, 34, 3, 'X', 'PCLAB8');
INSERT INTO subject (id, subjectCode, teachingLoadCreds, noOfStudents, hoursPerWeek, sectionCode, room) VALUES (38, 'CMSC 56', 4, 63, 2, 'F', 'ICSLH3');
INSERT INTO subject (id, subjectCode, teachingLoadCreds, noOfStudents, hoursPerWeek, sectionCode, room) VALUES (39, 'CMSC125', 3, 79, 3, 'X', 'PCLAB6');
INSERT INTO subject (id, subjectCode, teachingLoadCreds, noOfStudents, hoursPerWeek, sectionCode, room) VALUES (40, 'CMSC128', 3, 47, 3, 'S', 'ICSMH');
INSERT INTO subject (id, subjectCode, teachingLoadCreds, noOfStudents, hoursPerWeek, sectionCode, room) VALUES (41, 'CMSC131', 5, 47, 2, 'A', 'PCLAB1');
INSERT INTO subject (id, subjectCode, teachingLoadCreds, noOfStudents, hoursPerWeek, sectionCode, room) VALUES (42, 'CMSC170', 4, 29, 3, 'Y', 'PCLAB7');
INSERT INTO subject (id, subjectCode, teachingLoadCreds, noOfStudents, hoursPerWeek, sectionCode, room) VALUES (43, 'CMSC124', 6, 65, 2, 'Y', 'PCLAB6');
INSERT INTO subject (id, subjectCode, teachingLoadCreds, noOfStudents, hoursPerWeek, sectionCode, room) VALUES (44, 'CMSC124', 4, 76, 3, 'Z', 'PCLAB7');
INSERT INTO subject (id, subjectCode, teachingLoadCreds, noOfStudents, hoursPerWeek, sectionCode, room) VALUES (45, 'CMSC137', 5, 57, 3, 'W', 'PCLAB6');
INSERT INTO subject (id, subjectCode, teachingLoadCreds, noOfStudents, hoursPerWeek, sectionCode, room) VALUES (46, 'CMSC170', 5, 71, 2, 'V', 'PCLAB7');
INSERT INTO subject (id, subjectCode, teachingLoadCreds, noOfStudents, hoursPerWeek, sectionCode, room) VALUES (47, 'CMSC2', 5, 51, 2, 'A', 'PCLAB8');
INSERT INTO subject (id, subjectCode, teachingLoadCreds, noOfStudents, hoursPerWeek, sectionCode, room) VALUES (48, 'CMSC170', 3, 56, 2, 'ST', 'PCLAB8');
INSERT INTO subject (id, subjectCode, teachingLoadCreds, noOfStudents, hoursPerWeek, sectionCode, room) VALUES (49, 'CMSC170', 4, 22, 2, 'EF', 'ICSLH4');
INSERT INTO subject (id, subjectCode, teachingLoadCreds, noOfStudents, hoursPerWeek, sectionCode, room) VALUES (50, 'CMSC130', 3, 50, 3, 'V', 'ICSMH');
INSERT INTO subject (id, subjectCode, teachingLoadCreds, noOfStudents, hoursPerWeek, sectionCode, room) VALUES (51, 'CMSC128', 4, 74, 2, 'A', 'PCLAB8');
INSERT INTO subject (id, subjectCode, teachingLoadCreds, noOfStudents, hoursPerWeek, sectionCode, room) VALUES (52, 'CMSC131', 4, 70, 3, 'A', 'PCLAB5');
INSERT INTO subject (id, subjectCode, teachingLoadCreds, noOfStudents, hoursPerWeek, sectionCode, room) VALUES (53, 'CMSC125', 6, 32, 2, 'C', 'PCLAB1');
INSERT INTO subject (id, subjectCode, teachingLoadCreds, noOfStudents, hoursPerWeek, sectionCode, room) VALUES (54, 'CMSC57', 6, 79, 3, 'A', 'PCLAB2');
INSERT INTO subject (id, subjectCode, teachingLoadCreds, noOfStudents, hoursPerWeek, sectionCode, room) VALUES (55, 'CMSC170', 5, 72, 3, 'S', 'ICSLH3');
INSERT INTO subject (id, subjectCode, teachingLoadCreds, noOfStudents, hoursPerWeek, sectionCode, room) VALUES (56, 'CMSC132', 3, 48, 3, 'E', 'PCLAB5');
INSERT INTO subject (id, subjectCode, teachingLoadCreds, noOfStudents, hoursPerWeek, sectionCode, room) VALUES (57, 'CMSC127', 3, 21, 2, 'EF', 'PCLAB2');
INSERT INTO subject (id, subjectCode, teachingLoadCreds, noOfStudents, hoursPerWeek, sectionCode, room) VALUES (58, 'CMSC132', 3, 71, 3, 'ST', 'ICSMH');
INSERT INTO subject (id, subjectCode, teachingLoadCreds, noOfStudents, hoursPerWeek, sectionCode, room) VALUES (59, 'CMSC130', 3, 58, 2, 'U', 'PCLAB8');
INSERT INTO subject (id, subjectCode, teachingLoadCreds, noOfStudents, hoursPerWeek, sectionCode, room) VALUES (60, 'CMSC141', 3, 77, 2, 'B', 'ICSLH4');
INSERT INTO subject (id, subjectCode, teachingLoadCreds, noOfStudents, hoursPerWeek, sectionCode, room) VALUES (61, 'CMSC 56', 6, 49, 2, 'T', 'PCLAB6');
INSERT INTO subject (id, subjectCode, teachingLoadCreds, noOfStudents, hoursPerWeek, sectionCode, room) VALUES (62, 'CMSC131', 5, 56, 3, 'A', 'PCLAB1');
INSERT INTO subject (id, subjectCode, teachingLoadCreds, noOfStudents, hoursPerWeek, sectionCode, room) VALUES (63, 'CMSC21', 4, 43, 3, 'A', 'PCLAB7');
INSERT INTO subject (id, subjectCode, teachingLoadCreds, noOfStudents, hoursPerWeek, sectionCode, room) VALUES (64, 'CMSC137', 6, 33, 2, 'W', 'PCLAB3');
INSERT INTO subject (id, subjectCode, teachingLoadCreds, noOfStudents, hoursPerWeek, sectionCode, room) VALUES (65, 'CMSC131', 5, 74, 2, 'ST', 'PCLAB3');
INSERT INTO subject (id, subjectCode, teachingLoadCreds, noOfStudents, hoursPerWeek, sectionCode, room) VALUES (66, 'CMSC130', 5, 79, 3, 'V', 'PCLAB3');
INSERT INTO subject (id, subjectCode, teachingLoadCreds, noOfStudents, hoursPerWeek, sectionCode, room) VALUES (67, 'CMSC22', 4, 57, 2, 'Y', 'PCLAB4');
INSERT INTO subject (id, subjectCode, teachingLoadCreds, noOfStudents, hoursPerWeek, sectionCode, room) VALUES (68, 'CMSC22', 5, 49, 3, 'EF', 'PCLAB6');
INSERT INTO subject (id, subjectCode, teachingLoadCreds, noOfStudents, hoursPerWeek, sectionCode, room) VALUES (69, 'CMSC137', 5, 65, 3, 'F', 'PCLAB6');
INSERT INTO subject (id, subjectCode, teachingLoadCreds, noOfStudents, hoursPerWeek, sectionCode, room) VALUES (70, 'CMSC137', 3, 63, 2, 'C', 'ICSLH4');
INSERT INTO subject (id, subjectCode, teachingLoadCreds, noOfStudents, hoursPerWeek, sectionCode, room) VALUES (71, 'CMSC141', 6, 36, 3, 'V', 'ICSMH');
INSERT INTO subject (id, subjectCode, teachingLoadCreds, noOfStudents, hoursPerWeek, sectionCode, room) VALUES (72, 'CMSC128', 6, 44, 2, 'Y', 'PCLAB5');
INSERT INTO subject (id, subjectCode, teachingLoadCreds, noOfStudents, hoursPerWeek, sectionCode, room) VALUES (73, 'CMSC170', 3, 34, 3, 'B', 'ICSLH4');
INSERT INTO subject (id, subjectCode, teachingLoadCreds, noOfStudents, hoursPerWeek, sectionCode, room) VALUES (74, 'CMSC123', 3, 21, 2, 'E', 'PCLAB4');
INSERT INTO subject (id, subjectCode, teachingLoadCreds, noOfStudents, hoursPerWeek, sectionCode, room) VALUES (75, 'CMSC123', 6, 21, 2, 'B', 'ICSMH');
INSERT INTO subject (id, subjectCode, teachingLoadCreds, noOfStudents, hoursPerWeek, sectionCode, room) VALUES (76, 'CMSC128', 6, 57, 2, 'S', 'PCLAB6');
INSERT INTO subject (id, subjectCode, teachingLoadCreds, noOfStudents, hoursPerWeek, sectionCode, room) VALUES (77, 'CMSC127', 4, 39, 3, 'ST', 'PCLAB7');
INSERT INTO subject (id, subjectCode, teachingLoadCreds, noOfStudents, hoursPerWeek, sectionCode, room) VALUES (78, 'CMSC137', 3, 66, 2, 'X', 'PCLAB5');
INSERT INTO subject (id, subjectCode, teachingLoadCreds, noOfStudents, hoursPerWeek, sectionCode, room) VALUES (79, 'CMSC2', 4, 43, 2, 'D', 'PCLAB7');
INSERT INTO subject (id, subjectCode, teachingLoadCreds, noOfStudents, hoursPerWeek, sectionCode, room) VALUES (80, 'CMSC2', 3, 76, 2, 'EF', 'PCLAB7');
INSERT INTO subject (id, subjectCode, teachingLoadCreds, noOfStudents, hoursPerWeek, sectionCode, room) VALUES (81, 'CMSC2', 3, 37, 3, 'S', 'PCLAB7');
INSERT INTO subject (id, subjectCode, teachingLoadCreds, noOfStudents, hoursPerWeek, sectionCode, room) VALUES (82, 'CMSC 56', 3, 20, 2, 'E', 'PCLAB7');
INSERT INTO subject (id, subjectCode, teachingLoadCreds, noOfStudents, hoursPerWeek, sectionCode, room) VALUES (83, 'CMSC124', 3, 69, 3, 'T', 'PCLAB7');
INSERT INTO subject (id, subjectCode, teachingLoadCreds, noOfStudents, hoursPerWeek, sectionCode, room) VALUES (84, 'CMSC123', 4, 30, 3, 'E', 'PCLAB7');
INSERT INTO subject (id, subjectCode, teachingLoadCreds, noOfStudents, hoursPerWeek, sectionCode, room) VALUES (85, 'CMSC170', 6, 67, 2, 'F', 'ICSMH');
INSERT INTO subject (id, subjectCode, teachingLoadCreds, noOfStudents, hoursPerWeek, sectionCode, room) VALUES (86, 'CMSC22', 4, 74, 3, 'B', 'PCLAB4');
INSERT INTO subject (id, subjectCode, teachingLoadCreds, noOfStudents, hoursPerWeek, sectionCode, room) VALUES (87, 'CMSC132', 5, 29, 3, 'C', 'PCLAB4');
INSERT INTO subject (id, subjectCode, teachingLoadCreds, noOfStudents, hoursPerWeek, sectionCode, room) VALUES (88, 'CMSC170', 4, 55, 3, 'U', 'PCLAB2');
INSERT INTO subject (id, subjectCode, teachingLoadCreds, noOfStudents, hoursPerWeek, sectionCode, room) VALUES (89, 'CMSC22', 3, 68, 2, 'C', 'PCLAB5');
INSERT INTO subject (id, subjectCode, teachingLoadCreds, noOfStudents, hoursPerWeek, sectionCode, room) VALUES (90, 'CMSC22', 4, 51, 3, 'Y', 'PCLAB8');
INSERT INTO subject (id, subjectCode, teachingLoadCreds, noOfStudents, hoursPerWeek, sectionCode, room) VALUES (1, 'CMSC137', 5, 71, 2, 'T', 'PCLAB2');
INSERT INTO subject (id, subjectCode, teachingLoadCreds, noOfStudents, hoursPerWeek, sectionCode, room) VALUES (2, 'CMSC2', 3, 70, 2, 'F', 'PCLAB2');
INSERT INTO subject (id, subjectCode, teachingLoadCreds, noOfStudents, hoursPerWeek, sectionCode, room) VALUES (3, 'CMSC21', 6, 72, 2, 'X', 'PCLAB6');
INSERT INTO subject (id, subjectCode, teachingLoadCreds, noOfStudents, hoursPerWeek, sectionCode, room) VALUES (4, 'CMSC170', 6, 43, 2, 'Z', 'PCLAB6');
INSERT INTO subject (id, subjectCode, teachingLoadCreds, noOfStudents, hoursPerWeek, sectionCode, room) VALUES (5, 'CMSC 56', 4, 76, 2, 'B', 'PCLAB4');
INSERT INTO subject (id, subjectCode, teachingLoadCreds, noOfStudents, hoursPerWeek, sectionCode, room) VALUES (6, 'CMSC132', 6, 53, 3, 'S', 'PCLAB5');
INSERT INTO subject (id, subjectCode, teachingLoadCreds, noOfStudents, hoursPerWeek, sectionCode, room) VALUES (7, 'CMSC132', 5, 58, 2, 'X', 'PCLAB7');
INSERT INTO subject (id, subjectCode, teachingLoadCreds, noOfStudents, hoursPerWeek, sectionCode, room) VALUES (8, 'CMSC130', 5, 21, 3, 'Z', 'PCLAB5');
INSERT INTO subject (id, subjectCode, teachingLoadCreds, noOfStudents, hoursPerWeek, sectionCode, room) VALUES (9, 'CMSC170', 6, 20, 3, 'X', 'ICSLH4');
INSERT INTO subject (id, subjectCode, teachingLoadCreds, noOfStudents, hoursPerWeek, sectionCode, room) VALUES (10, 'CMSC150', 3, 75, 2, 'V', 'ICSLH3');
INSERT INTO subject (id, subjectCode, teachingLoadCreds, noOfStudents, hoursPerWeek, sectionCode, room) VALUES (11, 'CMSC 56', 3, 26, 3, 'F', 'PCLAB4');
INSERT INTO subject (id, subjectCode, teachingLoadCreds, noOfStudents, hoursPerWeek, sectionCode, room) VALUES (12, 'CMSC137', 5, 59, 2, 'T', 'ICSLH4');
INSERT INTO subject (id, subjectCode, teachingLoadCreds, noOfStudents, hoursPerWeek, sectionCode, room) VALUES (13, 'CMSC128', 5, 58, 2, 'E', 'PCLAB5');
INSERT INTO subject (id, subjectCode, teachingLoadCreds, noOfStudents, hoursPerWeek, sectionCode, room) VALUES (14, 'CMSC137', 6, 64, 3, 'X', 'PCLAB1');
INSERT INTO subject (id, subjectCode, teachingLoadCreds, noOfStudents, hoursPerWeek, sectionCode, room) VALUES (15, 'CMSC57', 3, 66, 3, 'Y', 'PCLAB8');
INSERT INTO subject (id, subjectCode, teachingLoadCreds, noOfStudents, hoursPerWeek, sectionCode, room) VALUES (16, 'CMSC150', 3, 63, 3, 'ST', 'PCLAB6');
INSERT INTO subject (id, subjectCode, teachingLoadCreds, noOfStudents, hoursPerWeek, sectionCode, room) VALUES (17, 'CMSC170', 3, 50, 3, 'ST', 'PCLAB3');
INSERT INTO subject (id, subjectCode, teachingLoadCreds, noOfStudents, hoursPerWeek, sectionCode, room) VALUES (18, 'CMSC128', 6, 53, 2, 'A', 'ICSLH4');
INSERT INTO subject (id, subjectCode, teachingLoadCreds, noOfStudents, hoursPerWeek, sectionCode, room) VALUES (19, 'CMSC132', 3, 25, 3, 'A', 'ICSLH4');
INSERT INTO subject (id, subjectCode, teachingLoadCreds, noOfStudents, hoursPerWeek, sectionCode, room) VALUES (20, 'CMSC170', 6, 28, 3, 'S', 'PCLAB5');
INSERT INTO subject (id, subjectCode, teachingLoadCreds, noOfStudents, hoursPerWeek, sectionCode, room) VALUES (21, 'CMSC150', 5, 42, 2, 'C', 'ICSLH3');
INSERT INTO subject (id, subjectCode, teachingLoadCreds, noOfStudents, hoursPerWeek, sectionCode, room) VALUES (22, 'CMSC132', 6, 35, 2, 'EF', 'PCLAB2');
INSERT INTO subject (id, subjectCode, teachingLoadCreds, noOfStudents, hoursPerWeek, sectionCode, room) VALUES (23, 'CMSC131', 6, 72, 2, 'ST', 'PCLAB8');
INSERT INTO subject (id, subjectCode, teachingLoadCreds, noOfStudents, hoursPerWeek, sectionCode, room) VALUES (24, 'CMSC22', 6, 64, 3, 'Z', 'PCLAB3');
INSERT INTO subject (id, subjectCode, teachingLoadCreds, noOfStudents, hoursPerWeek, sectionCode, room) VALUES (25, 'CMSC137', 4, 60, 3, 'Y', 'ICSMH');
INSERT INTO subject (id, subjectCode, teachingLoadCreds, noOfStudents, hoursPerWeek, sectionCode, room) VALUES (26, 'CMSC137', 3, 47, 3, 'S', 'ICSMH');
INSERT INTO subject (id, subjectCode, teachingLoadCreds, noOfStudents, hoursPerWeek, sectionCode, room) VALUES (27, 'CMSC 56', 5, 49, 3, 'C', 'PCLAB4');
INSERT INTO subject (id, subjectCode, teachingLoadCreds, noOfStudents, hoursPerWeek, sectionCode, room) VALUES (28, 'CMSC21', 6, 63, 3, 'T', 'PCLAB1');
INSERT INTO subject (id, subjectCode, teachingLoadCreds, noOfStudents, hoursPerWeek, sectionCode, room) VALUES (29, 'CMSC141', 4, 27, 2, 'T', 'PCLAB1');
INSERT INTO subject (id, subjectCode, teachingLoadCreds, noOfStudents, hoursPerWeek, sectionCode, room) VALUES (30, 'CMSC57', 3, 64, 3, 'E', 'PCLAB4');
INSERT INTO subject (id, subjectCode, teachingLoadCreds, noOfStudents, hoursPerWeek, sectionCode, room) VALUES (31, 'CMSC128', 4, 55, 3, 'ST', 'PCLAB6');
INSERT INTO subject (id, subjectCode, teachingLoadCreds, noOfStudents, hoursPerWeek, sectionCode, room) VALUES (32, 'CMSC170', 3, 78, 2, 'C', 'PCLAB8');
INSERT INTO subject (id, subjectCode, teachingLoadCreds, noOfStudents, hoursPerWeek, sectionCode, room) VALUES (33, 'CMSC57', 6, 56, 2, 'W', 'PCLAB8');
INSERT INTO subject (id, subjectCode, teachingLoadCreds, noOfStudents, hoursPerWeek, sectionCode, room) VALUES (34, 'CMSC123', 3, 23, 2, 'T', 'PCLAB8');
INSERT INTO subject (id, subjectCode, teachingLoadCreds, noOfStudents, hoursPerWeek, sectionCode, room) VALUES (35, 'CMSC142', 5, 73, 3, 'X', 'PCLAB2');
INSERT INTO subject (id, subjectCode, teachingLoadCreds, noOfStudents, hoursPerWeek, sectionCode, room) VALUES (36, 'CMSC 56', 6, 47, 3, 'EF', 'ICSMH');
INSERT INTO subject (id, subjectCode, teachingLoadCreds, noOfStudents, hoursPerWeek, sectionCode, room) VALUES (37, 'CMSC11', 4, 80, 2, 'B', 'PCLAB1');
INSERT INTO subject (id, subjectCode, teachingLoadCreds, noOfStudents, hoursPerWeek, sectionCode, room) VALUES (38, 'CMSC123', 6, 68, 3, 'U', 'PCLAB7');
INSERT INTO subject (id, subjectCode, teachingLoadCreds, noOfStudents, hoursPerWeek, sectionCode, room) VALUES (39, 'CMSC2', 4, 48, 3, 'ST', 'PCLAB4');
INSERT INTO subject (id, subjectCode, teachingLoadCreds, noOfStudents, hoursPerWeek, sectionCode, room) VALUES (40, 'CMSC132', 3, 75, 3, 'Y', 'PCLAB2');
INSERT INTO subject (id, subjectCode, teachingLoadCreds, noOfStudents, hoursPerWeek, sectionCode, room) VALUES (41, 'CMSC170', 6, 21, 2, 'Y', 'PCLAB2');
INSERT INTO subject (id, subjectCode, teachingLoadCreds, noOfStudents, hoursPerWeek, sectionCode, room) VALUES (42, 'CMSC2', 3, 49, 3, 'ST', 'ICSMH');
INSERT INTO subject (id, subjectCode, teachingLoadCreds, noOfStudents, hoursPerWeek, sectionCode, room) VALUES (43, 'CMSC127', 5, 52, 3, 'Y', 'PCLAB1');
INSERT INTO subject (id, subjectCode, teachingLoadCreds, noOfStudents, hoursPerWeek, sectionCode, room) VALUES (44, 'CMSC141', 4, 71, 2, 'S', 'PCLAB4');
INSERT INTO subject (id, subjectCode, teachingLoadCreds, noOfStudents, hoursPerWeek, sectionCode, room) VALUES (45, 'CMSC128', 3, 24, 3, 'Z', 'PCLAB4');
INSERT INTO subject (id, subjectCode, teachingLoadCreds, noOfStudents, hoursPerWeek, sectionCode, room) VALUES (46, 'CMSC124', 5, 30, 2, 'ST', 'PCLAB5');
INSERT INTO subject (id, subjectCode, teachingLoadCreds, noOfStudents, hoursPerWeek, sectionCode, room) VALUES (47, 'CMSC57', 6, 71, 2, 'W', 'ICSMH');
INSERT INTO subject (id, subjectCode, teachingLoadCreds, noOfStudents, hoursPerWeek, sectionCode, room) VALUES (48, 'CMSC127', 4, 28, 2, 'X', 'PCLAB1');
INSERT INTO subject (id, subjectCode, teachingLoadCreds, noOfStudents, hoursPerWeek, sectionCode, room) VALUES (49, 'CMSC131', 3, 39, 2, 'S', 'PCLAB4');
INSERT INTO subject (id, subjectCode, teachingLoadCreds, noOfStudents, hoursPerWeek, sectionCode, room) VALUES (50, 'CMSC141', 3, 38, 3, 'A', 'ICSLH3');
INSERT INTO subject (id, subjectCode, teachingLoadCreds, noOfStudents, hoursPerWeek, sectionCode, room) VALUES (51, 'CMSC 56', 3, 26, 3, 'U', 'PCLAB7');
INSERT INTO subject (id, subjectCode, teachingLoadCreds, noOfStudents, hoursPerWeek, sectionCode, room) VALUES (52, 'CMSC11', 5, 43, 3, 'B', 'PCLAB8');
INSERT INTO subject (id, subjectCode, teachingLoadCreds, noOfStudents, hoursPerWeek, sectionCode, room) VALUES (53, 'CMSC123', 3, 31, 2, 'X', 'PCLAB4');
INSERT INTO subject (id, subjectCode, teachingLoadCreds, noOfStudents, hoursPerWeek, sectionCode, room) VALUES (54, 'CMSC11', 6, 62, 2, 'W', 'PCLAB4');
INSERT INTO subject (id, subjectCode, teachingLoadCreds, noOfStudents, hoursPerWeek, sectionCode, room) VALUES (55, 'CMSC125', 6, 25, 3, 'F', 'PCLAB5');
INSERT INTO subject (id, subjectCode, teachingLoadCreds, noOfStudents, hoursPerWeek, sectionCode, room) VALUES (56, 'CMSC2', 3, 75, 3, 'X', 'PCLAB3');
INSERT INTO subject (id, subjectCode, teachingLoadCreds, noOfStudents, hoursPerWeek, sectionCode, room) VALUES (57, 'CMSC131', 5, 27, 2, 'D', 'PCLAB6');
INSERT INTO subject (id, subjectCode, teachingLoadCreds, noOfStudents, hoursPerWeek, sectionCode, room) VALUES (58, 'CMSC124', 5, 74, 2, 'ST', 'PCLAB4');
INSERT INTO subject (id, subjectCode, teachingLoadCreds, noOfStudents, hoursPerWeek, sectionCode, room) VALUES (59, 'CMSC170', 4, 39, 2, 'T', 'PCLAB6');
INSERT INTO subject (id, subjectCode, teachingLoadCreds, noOfStudents, hoursPerWeek, sectionCode, room) VALUES (60, 'CMSC11', 6, 21, 2, 'C', 'PCLAB2');
INSERT INTO subject (id, subjectCode, teachingLoadCreds, noOfStudents, hoursPerWeek, sectionCode, room) VALUES (61, 'CMSC131', 6, 21, 2, 'S', 'PCLAB1');
INSERT INTO subject (id, subjectCode, teachingLoadCreds, noOfStudents, hoursPerWeek, sectionCode, room) VALUES (62, 'CMSC141', 3, 61, 3, 'C', 'ICSLH3');
INSERT INTO subject (id, subjectCode, teachingLoadCreds, noOfStudents, hoursPerWeek, sectionCode, room) VALUES (63, 'CMSC142', 5, 27, 3, 'F', 'PCLAB6');
INSERT INTO subject (id, subjectCode, teachingLoadCreds, noOfStudents, hoursPerWeek, sectionCode, room) VALUES (64, 'CMSC2', 4, 65, 2, 'F', 'PCLAB8');
INSERT INTO subject (id, subjectCode, teachingLoadCreds, noOfStudents, hoursPerWeek, sectionCode, room) VALUES (65, 'CMSC57', 4, 35, 2, 'C', 'PCLAB2');
INSERT INTO subject (id, subjectCode, teachingLoadCreds, noOfStudents, hoursPerWeek, sectionCode, room) VALUES (66, 'CMSC170', 5, 20, 3, 'D', 'PCLAB8');
INSERT INTO subject (id, subjectCode, teachingLoadCreds, noOfStudents, hoursPerWeek, sectionCode, room) VALUES (67, 'CMSC123', 3, 50, 2, 'W', 'PCLAB4');
INSERT INTO subject (id, subjectCode, teachingLoadCreds, noOfStudents, hoursPerWeek, sectionCode, room) VALUES (68, 'CMSC132', 4, 42, 2, 'U', 'PCLAB4');
INSERT INTO subject (id, subjectCode, teachingLoadCreds, noOfStudents, hoursPerWeek, sectionCode, room) VALUES (69, 'CMSC170', 4, 58, 2, 'W', 'PCLAB3');
INSERT INTO subject (id, subjectCode, teachingLoadCreds, noOfStudents, hoursPerWeek, sectionCode, room) VALUES (70, 'CMSC141', 3, 68, 3, 'ST', 'ICSMH');
INSERT INTO subject (id, subjectCode, teachingLoadCreds, noOfStudents, hoursPerWeek, sectionCode, room) VALUES (71, 'CMSC130', 5, 51, 2, 'E', 'PCLAB6');
INSERT INTO subject (id, subjectCode, teachingLoadCreds, noOfStudents, hoursPerWeek, sectionCode, room) VALUES (72, 'CMSC124', 5, 78, 2, 'U', 'ICSLH3');
INSERT INTO subject (id, subjectCode, teachingLoadCreds, noOfStudents, hoursPerWeek, sectionCode, room) VALUES (73, 'CMSC57', 6, 37, 2, 'B', 'PCLAB8');
INSERT INTO subject (id, subjectCode, teachingLoadCreds, noOfStudents, hoursPerWeek, sectionCode, room) VALUES (74, 'CMSC131', 6, 53, 2, 'W', 'ICSLH3');
INSERT INTO subject (id, subjectCode, teachingLoadCreds, noOfStudents, hoursPerWeek, sectionCode, room) VALUES (75, 'CMSC124', 3, 47, 3, 'V', 'PCLAB2');
INSERT INTO subject (id, subjectCode, teachingLoadCreds, noOfStudents, hoursPerWeek, sectionCode, room) VALUES (76, 'CMSC2', 4, 41, 2, 'Y', 'PCLAB5');
INSERT INTO subject (id, subjectCode, teachingLoadCreds, noOfStudents, hoursPerWeek, sectionCode, room) VALUES (77, 'CMSC128', 6, 68, 2, 'A', 'PCLAB7');
INSERT INTO subject (id, subjectCode, teachingLoadCreds, noOfStudents, hoursPerWeek, sectionCode, room) VALUES (78, 'CMSC123', 5, 35, 3, 'F', 'ICSMH');
INSERT INTO subject (id, subjectCode, teachingLoadCreds, noOfStudents, hoursPerWeek, sectionCode, room) VALUES (79, 'CMSC2', 5, 42, 2, 'Y', 'PCLAB8');
INSERT INTO subject (id, subjectCode, teachingLoadCreds, noOfStudents, hoursPerWeek, sectionCode, room) VALUES (80, 'CMSC2', 5, 49, 2, 'V', 'PCLAB2');
INSERT INTO subject (id, subjectCode, teachingLoadCreds, noOfStudents, hoursPerWeek, sectionCode, room) VALUES (81, 'CMSC 56', 5, 61, 3, 'B', 'PCLAB2');
INSERT INTO subject (id, subjectCode, teachingLoadCreds, noOfStudents, hoursPerWeek, sectionCode, room) VALUES (82, 'CMSC141', 4, 54, 3, 'V', 'PCLAB5');
INSERT INTO subject (id, subjectCode, teachingLoadCreds, noOfStudents, hoursPerWeek, sectionCode, room) VALUES (83, 'CMSC57', 4, 34, 2, 'U', 'PCLAB8');
INSERT INTO subject (id, subjectCode, teachingLoadCreds, noOfStudents, hoursPerWeek, sectionCode, room) VALUES (84, 'CMSC170', 5, 74, 2, 'EF', 'PCLAB7');
INSERT INTO subject (id, subjectCode, teachingLoadCreds, noOfStudents, hoursPerWeek, sectionCode, room) VALUES (85, 'CMSC11', 3, 54, 2, 'F', 'PCLAB3');
INSERT INTO subject (id, subjectCode, teachingLoadCreds, noOfStudents, hoursPerWeek, sectionCode, room) VALUES (86, 'CMSC127', 6, 27, 2, 'S', 'ICSLH3');
INSERT INTO subject (id, subjectCode, teachingLoadCreds, noOfStudents, hoursPerWeek, sectionCode, room) VALUES (87, 'CMSC170', 4, 55, 2, 'V', 'ICSMH');
INSERT INTO subject (id, subjectCode, teachingLoadCreds, noOfStudents, hoursPerWeek, sectionCode, room) VALUES (88, 'CMSC130', 4, 47, 2, 'D', 'PCLAB5');
INSERT INTO subject (id, subjectCode, teachingLoadCreds, noOfStudents, hoursPerWeek, sectionCode, room) VALUES (89, 'CMSC123', 3, 55, 2, 'C', 'ICSMH');
INSERT INTO subject (id, subjectCode, teachingLoadCreds, noOfStudents, hoursPerWeek, sectionCode, room) VALUES (90, 'CMSC132', 5, 48, 2, 'D', 'PCLAB7');
INSERT INTO subject (id, subjectCode, teachingLoadCreds, noOfStudents, hoursPerWeek, sectionCode, room) VALUES (1, 'CMSC131', 4, 79, 3, 'X', 'PCLAB2');
INSERT INTO subject (id, subjectCode, teachingLoadCreds, noOfStudents, hoursPerWeek, sectionCode, room) VALUES (2, 'CMSC137', 4, 52, 2, 'X', 'PCLAB8');
INSERT INTO subject (id, subjectCode, teachingLoadCreds, noOfStudents, hoursPerWeek, sectionCode, room) VALUES (3, 'CMSC127', 6, 73, 2, 'U', 'ICSLH4');
INSERT INTO subject (id, subjectCode, teachingLoadCreds, noOfStudents, hoursPerWeek, sectionCode, room) VALUES (4, 'CMSC131', 4, 79, 2, 'D', 'PCLAB6');
INSERT INTO subject (id, subjectCode, teachingLoadCreds, noOfStudents, hoursPerWeek, sectionCode, room) VALUES (5, 'CMSC11', 6, 45, 2, 'D', 'ICSLH3');
INSERT INTO subject (id, subjectCode, teachingLoadCreds, noOfStudents, hoursPerWeek, sectionCode, room) VALUES (6, 'CMSC125', 3, 37, 2, 'Y', 'PCLAB2');
INSERT INTO subject (id, subjectCode, teachingLoadCreds, noOfStudents, hoursPerWeek, sectionCode, room) VALUES (7, 'CMSC142', 5, 31, 3, 'E', 'PCLAB3');
INSERT INTO subject (id, subjectCode, teachingLoadCreds, noOfStudents, hoursPerWeek, sectionCode, room) VALUES (8, 'CMSC131', 5, 66, 2, 'E', 'ICSMH');
INSERT INTO subject (id, subjectCode, teachingLoadCreds, noOfStudents, hoursPerWeek, sectionCode, room) VALUES (9, 'CMSC123', 6, 44, 3, 'A', 'PCLAB6');
INSERT INTO subject (id, subjectCode, teachingLoadCreds, noOfStudents, hoursPerWeek, sectionCode, room) VALUES (10, 'CMSC127', 6, 36, 3, 'EF', 'PCLAB7');
INSERT INTO subject (id, subjectCode, teachingLoadCreds, noOfStudents, hoursPerWeek, sectionCode, room) VALUES (11, 'CMSC128', 5, 65, 2, 'S', 'PCLAB3');
INSERT INTO subject (id, subjectCode, teachingLoadCreds, noOfStudents, hoursPerWeek, sectionCode, room) VALUES (12, 'CMSC137', 5, 42, 2, 'ST', 'PCLAB1');
INSERT INTO subject (id, subjectCode, teachingLoadCreds, noOfStudents, hoursPerWeek, sectionCode, room) VALUES (13, 'CMSC124', 6, 23, 2, 'A', 'PCLAB2');
INSERT INTO subject (id, subjectCode, teachingLoadCreds, noOfStudents, hoursPerWeek, sectionCode, room) VALUES (14, 'CMSC131', 5, 25, 3, 'S', 'PCLAB5');
INSERT INTO subject (id, subjectCode, teachingLoadCreds, noOfStudents, hoursPerWeek, sectionCode, room) VALUES (15, 'CMSC57', 3, 33, 3, 'X', 'PCLAB3');
INSERT INTO subject (id, subjectCode, teachingLoadCreds, noOfStudents, hoursPerWeek, sectionCode, room) VALUES (16, 'CMSC170', 6, 25, 3, 'C', 'PCLAB6');
INSERT INTO subject (id, subjectCode, teachingLoadCreds, noOfStudents, hoursPerWeek, sectionCode, room) VALUES (17, 'CMSC11', 3, 36, 2, 'E', 'PCLAB7');
INSERT INTO subject (id, subjectCode, teachingLoadCreds, noOfStudents, hoursPerWeek, sectionCode, room) VALUES (18, 'CMSC123', 4, 58, 3, 'Z', 'ICSMH');
INSERT INTO subject (id, subjectCode, teachingLoadCreds, noOfStudents, hoursPerWeek, sectionCode, room) VALUES (19, 'CMSC11', 4, 47, 2, 'U', 'PCLAB8');
INSERT INTO subject (id, subjectCode, teachingLoadCreds, noOfStudents, hoursPerWeek, sectionCode, room) VALUES (20, 'CMSC11', 3, 55, 3, 'C', 'ICSLH4');
INSERT INTO subject (id, subjectCode, teachingLoadCreds, noOfStudents, hoursPerWeek, sectionCode, room) VALUES (21, 'CMSC131', 5, 61, 2, 'EF', 'PCLAB3');
INSERT INTO subject (id, subjectCode, teachingLoadCreds, noOfStudents, hoursPerWeek, sectionCode, room) VALUES (22, 'CMSC124', 6, 76, 2, 'B', 'ICSMH');
INSERT INTO subject (id, subjectCode, teachingLoadCreds, noOfStudents, hoursPerWeek, sectionCode, room) VALUES (23, 'CMSC21', 4, 27, 2, 'W', 'PCLAB3');
INSERT INTO subject (id, subjectCode, teachingLoadCreds, noOfStudents, hoursPerWeek, sectionCode, room) VALUES (24, 'CMSC170', 6, 62, 2, 'E', 'PCLAB1');
INSERT INTO subject (id, subjectCode, teachingLoadCreds, noOfStudents, hoursPerWeek, sectionCode, room) VALUES (25, 'CMSC22', 3, 22, 2, 'Y', 'PCLAB4');
INSERT INTO subject (id, subjectCode, teachingLoadCreds, noOfStudents, hoursPerWeek, sectionCode, room) VALUES (26, 'CMSC128', 4, 37, 3, 'EF', 'ICSLH3');
INSERT INTO subject (id, subjectCode, teachingLoadCreds, noOfStudents, hoursPerWeek, sectionCode, room) VALUES (27, 'CMSC 56', 4, 80, 3, 'B', 'PCLAB4');
INSERT INTO subject (id, subjectCode, teachingLoadCreds, noOfStudents, hoursPerWeek, sectionCode, room) VALUES (28, 'CMSC 56', 5, 76, 3, 'B', 'PCLAB4');
INSERT INTO subject (id, subjectCode, teachingLoadCreds, noOfStudents, hoursPerWeek, sectionCode, room) VALUES (29, 'CMSC123', 3, 49, 2, 'C', 'ICSLH4');
INSERT INTO subject (id, subjectCode, teachingLoadCreds, noOfStudents, hoursPerWeek, sectionCode, room) VALUES (30, 'CMSC170', 6, 48, 3, 'X', 'PCLAB4');
INSERT INTO subject (id, subjectCode, teachingLoadCreds, noOfStudents, hoursPerWeek, sectionCode, room) VALUES (31, 'CMSC125', 6, 39, 3, 'F', 'ICSLH3');
INSERT INTO subject (id, subjectCode, teachingLoadCreds, noOfStudents, hoursPerWeek, sectionCode, room) VALUES (32, 'CMSC132', 4, 53, 2, 'F', 'PCLAB2');
INSERT INTO subject (id, subjectCode, teachingLoadCreds, noOfStudents, hoursPerWeek, sectionCode, room) VALUES (33, 'CMSC130', 4, 31, 3, 'X', 'PCLAB6');
INSERT INTO subject (id, subjectCode, teachingLoadCreds, noOfStudents, hoursPerWeek, sectionCode, room) VALUES (34, 'CMSC125', 4, 35, 2, 'W', 'ICSLH3');
INSERT INTO subject (id, subjectCode, teachingLoadCreds, noOfStudents, hoursPerWeek, sectionCode, room) VALUES (35, 'CMSC21', 3, 26, 3, 'A', 'PCLAB8');
INSERT INTO subject (id, subjectCode, teachingLoadCreds, noOfStudents, hoursPerWeek, sectionCode, room) VALUES (36, 'CMSC124', 3, 48, 2, 'U', 'PCLAB5');
INSERT INTO subject (id, subjectCode, teachingLoadCreds, noOfStudents, hoursPerWeek, sectionCode, room) VALUES (37, 'CMSC 56', 5, 39, 3, 'D', 'PCLAB1');
INSERT INTO subject (id, subjectCode, teachingLoadCreds, noOfStudents, hoursPerWeek, sectionCode, room) VALUES (38, 'CMSC127', 6, 34, 2, 'C', 'PCLAB1');
INSERT INTO subject (id, subjectCode, teachingLoadCreds, noOfStudents, hoursPerWeek, sectionCode, room) VALUES (39, 'CMSC123', 4, 57, 3, 'Y', 'PCLAB8');
INSERT INTO subject (id, subjectCode, teachingLoadCreds, noOfStudents, hoursPerWeek, sectionCode, room) VALUES (40, 'CMSC125', 3, 21, 3, 'F', 'PCLAB7');
INSERT INTO subject (id, subjectCode, teachingLoadCreds, noOfStudents, hoursPerWeek, sectionCode, room) VALUES (41, 'CMSC132', 4, 22, 3, 'U', 'PCLAB5');
INSERT INTO subject (id, subjectCode, teachingLoadCreds, noOfStudents, hoursPerWeek, sectionCode, room) VALUES (42, 'CMSC130', 4, 31, 3, 'EF', 'ICSMH');
INSERT INTO subject (id, subjectCode, teachingLoadCreds, noOfStudents, hoursPerWeek, sectionCode, room) VALUES (43, 'CMSC150', 6, 64, 2, 'F', 'PCLAB2');
INSERT INTO subject (id, subjectCode, teachingLoadCreds, noOfStudents, hoursPerWeek, sectionCode, room) VALUES (44, 'CMSC150', 5, 62, 3, 'F', 'PCLAB2');
INSERT INTO subject (id, subjectCode, teachingLoadCreds, noOfStudents, hoursPerWeek, sectionCode, room) VALUES (45, 'CMSC2', 3, 75, 2, 'W', 'PCLAB4');
INSERT INTO subject (id, subjectCode, teachingLoadCreds, noOfStudents, hoursPerWeek, sectionCode, room) VALUES (46, 'CMSC142', 3, 43, 3, 'W', 'PCLAB2');
INSERT INTO subject (id, subjectCode, teachingLoadCreds, noOfStudents, hoursPerWeek, sectionCode, room) VALUES (47, 'CMSC125', 6, 48, 2, 'Z', 'PCLAB8');
INSERT INTO subject (id, subjectCode, teachingLoadCreds, noOfStudents, hoursPerWeek, sectionCode, room) VALUES (48, 'CMSC132', 6, 41, 2, 'Y', 'PCLAB8');
INSERT INTO subject (id, subjectCode, teachingLoadCreds, noOfStudents, hoursPerWeek, sectionCode, room) VALUES (49, 'CMSC141', 4, 75, 3, 'F', 'ICSMH');
INSERT INTO subject (id, subjectCode, teachingLoadCreds, noOfStudents, hoursPerWeek, sectionCode, room) VALUES (50, 'CMSC130', 6, 31, 2, 'Y', 'PCLAB8');
INSERT INTO subject (id, subjectCode, teachingLoadCreds, noOfStudents, hoursPerWeek, sectionCode, room) VALUES (51, 'CMSC123', 6, 23, 3, 'Z', 'PCLAB1');
INSERT INTO subject (id, subjectCode, teachingLoadCreds, noOfStudents, hoursPerWeek, sectionCode, room) VALUES (52, 'CMSC21', 5, 23, 3, 'D', 'PCLAB8');
INSERT INTO subject (id, subjectCode, teachingLoadCreds, noOfStudents, hoursPerWeek, sectionCode, room) VALUES (53, 'CMSC57', 4, 66, 2, 'E', 'PCLAB2');
INSERT INTO subject (id, subjectCode, teachingLoadCreds, noOfStudents, hoursPerWeek, sectionCode, room) VALUES (54, 'CMSC123', 3, 64, 2, 'T', 'ICSMH');
INSERT INTO subject (id, subjectCode, teachingLoadCreds, noOfStudents, hoursPerWeek, sectionCode, room) VALUES (55, 'CMSC11', 5, 42, 2, 'U', 'PCLAB7');
INSERT INTO subject (id, subjectCode, teachingLoadCreds, noOfStudents, hoursPerWeek, sectionCode, room) VALUES (56, 'CMSC124', 6, 31, 2, 'A', 'PCLAB8');
INSERT INTO subject (id, subjectCode, teachingLoadCreds, noOfStudents, hoursPerWeek, sectionCode, room) VALUES (57, 'CMSC150', 5, 41, 2, 'EF', 'PCLAB7');
INSERT INTO subject (id, subjectCode, teachingLoadCreds, noOfStudents, hoursPerWeek, sectionCode, room) VALUES (58, 'CMSC21', 5, 21, 3, 'A', 'PCLAB4');
INSERT INTO subject (id, subjectCode, teachingLoadCreds, noOfStudents, hoursPerWeek, sectionCode, room) VALUES (59, 'CMSC21', 4, 23, 2, 'T', 'ICSLH4');
INSERT INTO subject (id, subjectCode, teachingLoadCreds, noOfStudents, hoursPerWeek, sectionCode, room) VALUES (60, 'CMSC150', 6, 48, 3, 'T', 'ICSLH3');
INSERT INTO subject (id, subjectCode, teachingLoadCreds, noOfStudents, hoursPerWeek, sectionCode, room) VALUES (61, 'CMSC21', 5, 78, 2, 'V', 'ICSMH');
INSERT INTO subject (id, subjectCode, teachingLoadCreds, noOfStudents, hoursPerWeek, sectionCode, room) VALUES (62, 'CMSC132', 6, 56, 3, 'EF', 'PCLAB2');
INSERT INTO subject (id, subjectCode, teachingLoadCreds, noOfStudents, hoursPerWeek, sectionCode, room) VALUES (63, 'CMSC124', 3, 60, 3, 'A', 'PCLAB4');
INSERT INTO subject (id, subjectCode, teachingLoadCreds, noOfStudents, hoursPerWeek, sectionCode, room) VALUES (64, 'CMSC2', 5, 64, 2, 'U', 'PCLAB2');
INSERT INTO subject (id, subjectCode, teachingLoadCreds, noOfStudents, hoursPerWeek, sectionCode, room) VALUES (65, 'CMSC150', 4, 69, 3, 'D', 'PCLAB2');
INSERT INTO subject (id, subjectCode, teachingLoadCreds, noOfStudents, hoursPerWeek, sectionCode, room) VALUES (66, 'CMSC123', 6, 42, 2, 'EF', 'ICSLH3');
INSERT INTO subject (id, subjectCode, teachingLoadCreds, noOfStudents, hoursPerWeek, sectionCode, room) VALUES (67, 'CMSC11', 5, 76, 3, 'EF', 'PCLAB5');
INSERT INTO subject (id, subjectCode, teachingLoadCreds, noOfStudents, hoursPerWeek, sectionCode, room) VALUES (68, 'CMSC142', 6, 34, 3, 'E', 'ICSLH4');
INSERT INTO subject (id, subjectCode, teachingLoadCreds, noOfStudents, hoursPerWeek, sectionCode, room) VALUES (69, 'CMSC2', 3, 55, 2, 'A', 'PCLAB8');
INSERT INTO subject (id, subjectCode, teachingLoadCreds, noOfStudents, hoursPerWeek, sectionCode, room) VALUES (70, 'CMSC11', 5, 44, 2, 'A', 'PCLAB5');
INSERT INTO subject (id, subjectCode, teachingLoadCreds, noOfStudents, hoursPerWeek, sectionCode, room) VALUES (71, 'CMSC150', 5, 44, 3, 'U', 'ICSMH');
INSERT INTO subject (id, subjectCode, teachingLoadCreds, noOfStudents, hoursPerWeek, sectionCode, room) VALUES (72, 'CMSC150', 3, 40, 3, 'ST', 'PCLAB3');
INSERT INTO subject (id, subjectCode, teachingLoadCreds, noOfStudents, hoursPerWeek, sectionCode, room) VALUES (73, 'CMSC127', 5, 43, 3, 'X', 'PCLAB8');
INSERT INTO subject (id, subjectCode, teachingLoadCreds, noOfStudents, hoursPerWeek, sectionCode, room) VALUES (74, 'CMSC132', 4, 61, 2, 'B', 'PCLAB8');
INSERT INTO subject (id, subjectCode, teachingLoadCreds, noOfStudents, hoursPerWeek, sectionCode, room) VALUES (75, 'CMSC11', 4, 22, 3, 'V', 'PCLAB1');
INSERT INTO subject (id, subjectCode, teachingLoadCreds, noOfStudents, hoursPerWeek, sectionCode, room) VALUES (76, 'CMSC130', 3, 74, 3, 'U', 'PCLAB6');
INSERT INTO subject (id, subjectCode, teachingLoadCreds, noOfStudents, hoursPerWeek, sectionCode, room) VALUES (77, 'CMSC123', 3, 39, 2, 'W', 'PCLAB2');
INSERT INTO subject (id, subjectCode, teachingLoadCreds, noOfStudents, hoursPerWeek, sectionCode, room) VALUES (78, 'CMSC 56', 4, 30, 2, 'B', 'PCLAB3');
INSERT INTO subject (id, subjectCode, teachingLoadCreds, noOfStudents, hoursPerWeek, sectionCode, room) VALUES (79, 'CMSC 56', 4, 76, 3, 'ST', 'PCLAB4');
INSERT INTO subject (id, subjectCode, teachingLoadCreds, noOfStudents, hoursPerWeek, sectionCode, room) VALUES (80, 'CMSC123', 4, 52, 3, 'B', 'PCLAB7');
INSERT INTO subject (id, subjectCode, teachingLoadCreds, noOfStudents, hoursPerWeek, sectionCode, room) VALUES (81, 'CMSC131', 6, 76, 2, 'V', 'ICSLH4');
INSERT INTO subject (id, subjectCode, teachingLoadCreds, noOfStudents, hoursPerWeek, sectionCode, room) VALUES (82, 'CMSC22', 5, 73, 2, 'S', 'PCLAB1');
INSERT INTO subject (id, subjectCode, teachingLoadCreds, noOfStudents, hoursPerWeek, sectionCode, room) VALUES (83, 'CMSC132', 5, 34, 2, 'S', 'ICSLH4');
INSERT INTO subject (id, subjectCode, teachingLoadCreds, noOfStudents, hoursPerWeek, sectionCode, room) VALUES (84, 'CMSC 56', 5, 53, 3, 'S', 'ICSLH4');
INSERT INTO subject (id, subjectCode, teachingLoadCreds, noOfStudents, hoursPerWeek, sectionCode, room) VALUES (85, 'CMSC137', 6, 79, 3, 'U', 'PCLAB6');
INSERT INTO subject (id, subjectCode, teachingLoadCreds, noOfStudents, hoursPerWeek, sectionCode, room) VALUES (86, 'CMSC 56', 5, 45, 2, 'E', 'ICSMH');
INSERT INTO subject (id, subjectCode, teachingLoadCreds, noOfStudents, hoursPerWeek, sectionCode, room) VALUES (87, 'CMSC22', 5, 44, 3, 'A', 'PCLAB4');
INSERT INTO subject (id, subjectCode, teachingLoadCreds, noOfStudents, hoursPerWeek, sectionCode, room) VALUES (88, 'CMSC141', 5, 80, 3, 'EF', 'PCLAB8');
INSERT INTO subject (id, subjectCode, teachingLoadCreds, noOfStudents, hoursPerWeek, sectionCode, room) VALUES (89, 'CMSC130', 3, 79, 2, 'F', 'ICSMH');
INSERT INTO subject (id, subjectCode, teachingLoadCreds, noOfStudents, hoursPerWeek, sectionCode, room) VALUES (90, 'CMSC130', 5, 77, 2, 'U', 'PCLAB3');

-- TIMESLOT
INSERT INTO timeslot (subjectID, day, timeStart, timeEnd) VALUES (1, 'Tuesday', '7:00:00', '8:00:00');
INSERT INTO timeslot (subjectID, day, timeStart, timeEnd) VALUES (2, 'Wednesday', '8:00:00', '9:00:00');
INSERT INTO timeslot (subjectID, day, timeStart, timeEnd) VALUES (3, 'Monday', '9:00:00', '10:00:00');
INSERT INTO timeslot (subjectID, day, timeStart, timeEnd) VALUES (4, 'Monday', '10:00:00', '11:00:00');
INSERT INTO timeslot (subjectID, day, timeStart, timeEnd) VALUES (5, 'Friday', '11:00:00', '12:00:00');
INSERT INTO timeslot (subjectID, day, timeStart, timeEnd) VALUES (6, 'Friday', '12:00:00', '13:00:00');
INSERT INTO timeslot (subjectID, day, timeStart, timeEnd) VALUES (7, 'Wednesday', '13:00:00', '16:00:00');
INSERT INTO timeslot (subjectID, day, timeStart, timeEnd) VALUES (8, 'Thursday', '16:00:00', '19:00:00');
INSERT INTO timeslot (subjectID, day, timeStart, timeEnd) VALUES (9, 'Friday', '7:00:00', '8:00:00');
INSERT INTO timeslot (subjectID, day, timeStart, timeEnd) VALUES (10, 'Monday', '8:00:00', '9:00:00');
INSERT INTO timeslot (subjectID, day, timeStart, timeEnd) VALUES (11, 'Tuesday', '9:00:00', '10:00:00');
INSERT INTO timeslot (subjectID, day, timeStart, timeEnd) VALUES (12, 'Thursday', '10:00:00', '11:00:00');
INSERT INTO timeslot (subjectID, day, timeStart, timeEnd) VALUES (13, 'Wednesday', '11:00:00', '12:00:00');
INSERT INTO timeslot (subjectID, day, timeStart, timeEnd) VALUES (14, 'Wednesday', '12:00:00', '13:00:00');
INSERT INTO timeslot (subjectID, day, timeStart, timeEnd) VALUES (15, 'Friday', '13:00:00', '16:00:00');
INSERT INTO timeslot (subjectID, day, timeStart, timeEnd) VALUES (16, 'Monday', '16:00:00', '19:00:00');
INSERT INTO timeslot (subjectID, day, timeStart, timeEnd) VALUES (17, 'Tuesday', '7:00:00', '8:00:00');
INSERT INTO timeslot (subjectID, day, timeStart, timeEnd) VALUES (18, 'Tuesday', '8:00:00', '9:00:00');
INSERT INTO timeslot (subjectID, day, timeStart, timeEnd) VALUES (19, 'Wednesday', '9:00:00', '10:00:00');
INSERT INTO timeslot (subjectID, day, timeStart, timeEnd) VALUES (20, 'Monday', '10:00:00', '11:00:00');
INSERT INTO timeslot (subjectID, day, timeStart, timeEnd) VALUES (21, 'Monday', '11:00:00', '12:00:00');
INSERT INTO timeslot (subjectID, day, timeStart, timeEnd) VALUES (22, 'Tuesday', '12:00:00', '13:00:00');
INSERT INTO timeslot (subjectID, day, timeStart, timeEnd) VALUES (23, 'Monday', '13:00:00', '16:00:00');
INSERT INTO timeslot (subjectID, day, timeStart, timeEnd) VALUES (24, 'Tuesday', '16:00:00', '19:00:00');
INSERT INTO timeslot (subjectID, day, timeStart, timeEnd) VALUES (25, 'Monday', '7:00:00', '8:00:00');
INSERT INTO timeslot (subjectID, day, timeStart, timeEnd) VALUES (26, 'Friday', '8:00:00', '9:00:00');
INSERT INTO timeslot (subjectID, day, timeStart, timeEnd) VALUES (27, 'Monday', '9:00:00', '10:00:00');
INSERT INTO timeslot (subjectID, day, timeStart, timeEnd) VALUES (28, 'Monday', '10:00:00', '11:00:00');
INSERT INTO timeslot (subjectID, day, timeStart, timeEnd) VALUES (29, 'Monday', '11:00:00', '12:00:00');
INSERT INTO timeslot (subjectID, day, timeStart, timeEnd) VALUES (30, 'Tuesday', '12:00:00', '13:00:00');
INSERT INTO timeslot (subjectID, day, timeStart, timeEnd) VALUES (31, 'Tuesday', '13:00:00', '16:00:00');
INSERT INTO timeslot (subjectID, day, timeStart, timeEnd) VALUES (32, 'Tuesday', '16:00:00', '19:00:00');
INSERT INTO timeslot (subjectID, day, timeStart, timeEnd) VALUES (33, 'Wednesday', '7:00:00', '8:00:00');
INSERT INTO timeslot (subjectID, day, timeStart, timeEnd) VALUES (34, 'Wednesday', '8:00:00', '9:00:00');
INSERT INTO timeslot (subjectID, day, timeStart, timeEnd) VALUES (35, 'Monday', '9:00:00', '10:00:00');
INSERT INTO timeslot (subjectID, day, timeStart, timeEnd) VALUES (36, 'Monday', '10:00:00', '11:00:00');
INSERT INTO timeslot (subjectID, day, timeStart, timeEnd) VALUES (37, 'Friday', '11:00:00', '12:00:00');
INSERT INTO timeslot (subjectID, day, timeStart, timeEnd) VALUES (38, 'Thursday', '12:00:00', '13:00:00');
INSERT INTO timeslot (subjectID, day, timeStart, timeEnd) VALUES (39, 'Monday', '13:00:00', '16:00:00');
INSERT INTO timeslot (subjectID, day, timeStart, timeEnd) VALUES (40, 'Thursday', '16:00:00', '19:00:00');
INSERT INTO timeslot (subjectID, day, timeStart, timeEnd) VALUES (41, 'Friday', '7:00:00', '8:00:00');
INSERT INTO timeslot (subjectID, day, timeStart, timeEnd) VALUES (42, 'Thursday', '8:00:00', '9:00:00');
INSERT INTO timeslot (subjectID, day, timeStart, timeEnd) VALUES (43, 'Friday', '9:00:00', '10:00:00');
INSERT INTO timeslot (subjectID, day, timeStart, timeEnd) VALUES (44, 'Wednesday', '10:00:00', '11:00:00');
INSERT INTO timeslot (subjectID, day, timeStart, timeEnd) VALUES (45, 'Tuesday', '11:00:00', '12:00:00');
INSERT INTO timeslot (subjectID, day, timeStart, timeEnd) VALUES (46, 'Tuesday', '12:00:00', '13:00:00');
INSERT INTO timeslot (subjectID, day, timeStart, timeEnd) VALUES (47, 'Thursday', '13:00:00', '16:00:00');
INSERT INTO timeslot (subjectID, day, timeStart, timeEnd) VALUES (48, 'Thursday', '16:00:00', '19:00:00');
INSERT INTO timeslot (subjectID, day, timeStart, timeEnd) VALUES (49, 'Tuesday', '7:00:00', '8:00:00');
INSERT INTO timeslot (subjectID, day, timeStart, timeEnd) VALUES (50, 'Friday', '8:00:00', '9:00:00');
INSERT INTO timeslot (subjectID, day, timeStart, timeEnd) VALUES (51, 'Monday', '9:00:00', '10:00:00');
INSERT INTO timeslot (subjectID, day, timeStart, timeEnd) VALUES (52, 'Wednesday', '10:00:00', '11:00:00');
INSERT INTO timeslot (subjectID, day, timeStart, timeEnd) VALUES (53, 'Tuesday', '11:00:00', '12:00:00');
INSERT INTO timeslot (subjectID, day, timeStart, timeEnd) VALUES (54, 'Monday', '12:00:00', '13:00:00');
INSERT INTO timeslot (subjectID, day, timeStart, timeEnd) VALUES (55, 'Tuesday', '13:00:00', '16:00:00');
INSERT INTO timeslot (subjectID, day, timeStart, timeEnd) VALUES (56, 'Monday', '16:00:00', '19:00:00');
INSERT INTO timeslot (subjectID, day, timeStart, timeEnd) VALUES (57, 'Tuesday', '7:00:00', '8:00:00');
INSERT INTO timeslot (subjectID, day, timeStart, timeEnd) VALUES (58, 'Monday', '8:00:00', '9:00:00');
INSERT INTO timeslot (subjectID, day, timeStart, timeEnd) VALUES (59, 'Wednesday', '9:00:00', '10:00:00');
INSERT INTO timeslot (subjectID, day, timeStart, timeEnd) VALUES (60, 'Friday', '10:00:00', '11:00:00');
INSERT INTO timeslot (subjectID, day, timeStart, timeEnd) VALUES (61, 'Friday', '11:00:00', '12:00:00');
INSERT INTO timeslot (subjectID, day, timeStart, timeEnd) VALUES (62, 'Tuesday', '12:00:00', '13:00:00');
INSERT INTO timeslot (subjectID, day, timeStart, timeEnd) VALUES (63, 'Thursday', '13:00:00', '16:00:00');
INSERT INTO timeslot (subjectID, day, timeStart, timeEnd) VALUES (64, 'Friday', '16:00:00', '19:00:00');
INSERT INTO timeslot (subjectID, day, timeStart, timeEnd) VALUES (65, 'Thursday', '7:00:00', '8:00:00');
INSERT INTO timeslot (subjectID, day, timeStart, timeEnd) VALUES (66, 'Friday', '8:00:00', '9:00:00');
INSERT INTO timeslot (subjectID, day, timeStart, timeEnd) VALUES (67, 'Monday', '9:00:00', '10:00:00');
INSERT INTO timeslot (subjectID, day, timeStart, timeEnd) VALUES (68, 'Thursday', '10:00:00', '11:00:00');
INSERT INTO timeslot (subjectID, day, timeStart, timeEnd) VALUES (69, 'Thursday', '11:00:00', '12:00:00');
INSERT INTO timeslot (subjectID, day, timeStart, timeEnd) VALUES (70, 'Friday', '12:00:00', '13:00:00');
INSERT INTO timeslot (subjectID, day, timeStart, timeEnd) VALUES (71, 'Friday', '13:00:00', '16:00:00');
INSERT INTO timeslot (subjectID, day, timeStart, timeEnd) VALUES (72, 'Monday', '16:00:00', '19:00:00');
INSERT INTO timeslot (subjectID, day, timeStart, timeEnd) VALUES (73, 'Wednesday', '7:00:00', '8:00:00');
INSERT INTO timeslot (subjectID, day, timeStart, timeEnd) VALUES (74, 'Monday', '8:00:00', '9:00:00');
INSERT INTO timeslot (subjectID, day, timeStart, timeEnd) VALUES (75, 'Thursday', '9:00:00', '10:00:00');
INSERT INTO timeslot (subjectID, day, timeStart, timeEnd) VALUES (76, 'Tuesday', '10:00:00', '11:00:00');
INSERT INTO timeslot (subjectID, day, timeStart, timeEnd) VALUES (77, 'Wednesday', '11:00:00', '12:00:00');
INSERT INTO timeslot (subjectID, day, timeStart, timeEnd) VALUES (78, 'Friday', '12:00:00', '13:00:00');
INSERT INTO timeslot (subjectID, day, timeStart, timeEnd) VALUES (79, 'Friday', '13:00:00', '16:00:00');
INSERT INTO timeslot (subjectID, day, timeStart, timeEnd) VALUES (80, 'Thursday', '16:00:00', '19:00:00');
INSERT INTO timeslot (subjectID, day, timeStart, timeEnd) VALUES (81, 'Tuesday', '7:00:00', '8:00:00');
INSERT INTO timeslot (subjectID, day, timeStart, timeEnd) VALUES (82, 'Friday', '8:00:00', '9:00:00');
INSERT INTO timeslot (subjectID, day, timeStart, timeEnd) VALUES (83, 'Tuesday', '9:00:00', '10:00:00');
INSERT INTO timeslot (subjectID, day, timeStart, timeEnd) VALUES (84, 'Wednesday', '10:00:00', '11:00:00');
INSERT INTO timeslot (subjectID, day, timeStart, timeEnd) VALUES (85, 'Tuesday', '11:00:00', '12:00:00');
INSERT INTO timeslot (subjectID, day, timeStart, timeEnd) VALUES (86, 'Monday', '12:00:00', '13:00:00');
INSERT INTO timeslot (subjectID, day, timeStart, timeEnd) VALUES (87, 'Tuesday', '13:00:00', '16:00:00');
INSERT INTO timeslot (subjectID, day, timeStart, timeEnd) VALUES (88, 'Friday', '16:00:00', '19:00:00');
INSERT INTO timeslot (subjectID, day, timeStart, timeEnd) VALUES (89, 'Thursday', '7:00:00', '8:00:00');
INSERT INTO timeslot (subjectID, day, timeStart, timeEnd) VALUES (90, 'Friday', '8:00:00', '9:00:00');
INSERT INTO timeslot (subjectID, day, timeStart, timeEnd) VALUES (91, 'Wednesday', '9:00:00', '10:00:00');
INSERT INTO timeslot (subjectID, day, timeStart, timeEnd) VALUES (92, 'Wednesday', '10:00:00', '11:00:00');
INSERT INTO timeslot (subjectID, day, timeStart, timeEnd) VALUES (93, 'Wednesday', '11:00:00', '12:00:00');
INSERT INTO timeslot (subjectID, day, timeStart, timeEnd) VALUES (94, 'Monday', '12:00:00', '13:00:00');
INSERT INTO timeslot (subjectID, day, timeStart, timeEnd) VALUES (95, 'Thursday', '13:00:00', '16:00:00');
INSERT INTO timeslot (subjectID, day, timeStart, timeEnd) VALUES (96, 'Thursday', '16:00:00', '19:00:00');
INSERT INTO timeslot (subjectID, day, timeStart, timeEnd) VALUES (97, 'Friday', '7:00:00', '8:00:00');
INSERT INTO timeslot (subjectID, day, timeStart, timeEnd) VALUES (98, 'Wednesday', '8:00:00', '9:00:00');
INSERT INTO timeslot (subjectID, day, timeStart, timeEnd) VALUES (99, 'Friday', '9:00:00', '10:00:00');
INSERT INTO timeslot (subjectID, day, timeStart, timeEnd) VALUES (100, 'Friday', '10:00:00', '11:00:00');
INSERT INTO timeslot (subjectID, day, timeStart, timeEnd) VALUES (101, 'Wednesday', '11:00:00', '12:00:00');
INSERT INTO timeslot (subjectID, day, timeStart, timeEnd) VALUES (102, 'Tuesday', '12:00:00', '13:00:00');
INSERT INTO timeslot (subjectID, day, timeStart, timeEnd) VALUES (103, 'Monday', '13:00:00', '16:00:00');
INSERT INTO timeslot (subjectID, day, timeStart, timeEnd) VALUES (104, 'Friday', '16:00:00', '19:00:00');
INSERT INTO timeslot (subjectID, day, timeStart, timeEnd) VALUES (105, 'Thursday', '7:00:00', '8:00:00');
INSERT INTO timeslot (subjectID, day, timeStart, timeEnd) VALUES (106, 'Wednesday', '8:00:00', '9:00:00');
INSERT INTO timeslot (subjectID, day, timeStart, timeEnd) VALUES (107, 'Monday', '9:00:00', '10:00:00');
INSERT INTO timeslot (subjectID, day, timeStart, timeEnd) VALUES (108, 'Tuesday', '10:00:00', '11:00:00');
INSERT INTO timeslot (subjectID, day, timeStart, timeEnd) VALUES (109, 'Monday', '11:00:00', '12:00:00');
INSERT INTO timeslot (subjectID, day, timeStart, timeEnd) VALUES (110, 'Tuesday', '12:00:00', '13:00:00');
INSERT INTO timeslot (subjectID, day, timeStart, timeEnd) VALUES (111, 'Wednesday', '13:00:00', '16:00:00');
INSERT INTO timeslot (subjectID, day, timeStart, timeEnd) VALUES (112, 'Monday', '16:00:00', '19:00:00');
INSERT INTO timeslot (subjectID, day, timeStart, timeEnd) VALUES (113, 'Friday', '7:00:00', '8:00:00');
INSERT INTO timeslot (subjectID, day, timeStart, timeEnd) VALUES (114, 'Friday', '8:00:00', '9:00:00');
INSERT INTO timeslot (subjectID, day, timeStart, timeEnd) VALUES (115, 'Friday', '9:00:00', '10:00:00');
INSERT INTO timeslot (subjectID, day, timeStart, timeEnd) VALUES (116, 'Wednesday', '10:00:00', '11:00:00');
INSERT INTO timeslot (subjectID, day, timeStart, timeEnd) VALUES (117, 'Thursday', '11:00:00', '12:00:00');
INSERT INTO timeslot (subjectID, day, timeStart, timeEnd) VALUES (118, 'Monday', '12:00:00', '13:00:00');
INSERT INTO timeslot (subjectID, day, timeStart, timeEnd) VALUES (119, 'Wednesday', '13:00:00', '16:00:00');
INSERT INTO timeslot (subjectID, day, timeStart, timeEnd) VALUES (120, 'Thursday', '16:00:00', '19:00:00');
INSERT INTO timeslot (subjectID, day, timeStart, timeEnd) VALUES (121, 'Tuesday', '7:00:00', '8:00:00');
INSERT INTO timeslot (subjectID, day, timeStart, timeEnd) VALUES (122, 'Wednesday', '8:00:00', '9:00:00');
INSERT INTO timeslot (subjectID, day, timeStart, timeEnd) VALUES (123, 'Friday', '9:00:00', '10:00:00');
INSERT INTO timeslot (subjectID, day, timeStart, timeEnd) VALUES (124, 'Tuesday', '10:00:00', '11:00:00');
INSERT INTO timeslot (subjectID, day, timeStart, timeEnd) VALUES (125, 'Friday', '11:00:00', '12:00:00');
INSERT INTO timeslot (subjectID, day, timeStart, timeEnd) VALUES (126, 'Tuesday', '12:00:00', '13:00:00');
INSERT INTO timeslot (subjectID, day, timeStart, timeEnd) VALUES (127, 'Wednesday', '13:00:00', '16:00:00');
INSERT INTO timeslot (subjectID, day, timeStart, timeEnd) VALUES (128, 'Tuesday', '16:00:00', '19:00:00');
INSERT INTO timeslot (subjectID, day, timeStart, timeEnd) VALUES (129, 'Wednesday', '7:00:00', '8:00:00');
INSERT INTO timeslot (subjectID, day, timeStart, timeEnd) VALUES (130, 'Tuesday', '8:00:00', '9:00:00');
INSERT INTO timeslot (subjectID, day, timeStart, timeEnd) VALUES (131, 'Wednesday', '9:00:00', '10:00:00');
INSERT INTO timeslot (subjectID, day, timeStart, timeEnd) VALUES (132, 'Thursday', '10:00:00', '11:00:00');
INSERT INTO timeslot (subjectID, day, timeStart, timeEnd) VALUES (133, 'Wednesday', '11:00:00', '12:00:00');
INSERT INTO timeslot (subjectID, day, timeStart, timeEnd) VALUES (134, 'Tuesday', '12:00:00', '13:00:00');
INSERT INTO timeslot (subjectID, day, timeStart, timeEnd) VALUES (135, 'Tuesday', '13:00:00', '16:00:00');
INSERT INTO timeslot (subjectID, day, timeStart, timeEnd) VALUES (136, 'Tuesday', '16:00:00', '19:00:00');
INSERT INTO timeslot (subjectID, day, timeStart, timeEnd) VALUES (137, 'Monday', '7:00:00', '8:00:00');
INSERT INTO timeslot (subjectID, day, timeStart, timeEnd) VALUES (138, 'Tuesday', '8:00:00', '9:00:00');
INSERT INTO timeslot (subjectID, day, timeStart, timeEnd) VALUES (139, 'Thursday', '9:00:00', '10:00:00');
INSERT INTO timeslot (subjectID, day, timeStart, timeEnd) VALUES (140, 'Friday', '10:00:00', '11:00:00');
INSERT INTO timeslot (subjectID, day, timeStart, timeEnd) VALUES (141, 'Tuesday', '11:00:00', '12:00:00');
INSERT INTO timeslot (subjectID, day, timeStart, timeEnd) VALUES (142, 'Wednesday', '12:00:00', '13:00:00');
INSERT INTO timeslot (subjectID, day, timeStart, timeEnd) VALUES (143, 'Monday', '13:00:00', '16:00:00');
INSERT INTO timeslot (subjectID, day, timeStart, timeEnd) VALUES (144, 'Wednesday', '16:00:00', '19:00:00');
INSERT INTO timeslot (subjectID, day, timeStart, timeEnd) VALUES (145, 'Monday', '7:00:00', '8:00:00');
INSERT INTO timeslot (subjectID, day, timeStart, timeEnd) VALUES (146, 'Tuesday', '8:00:00', '9:00:00');
INSERT INTO timeslot (subjectID, day, timeStart, timeEnd) VALUES (147, 'Friday', '9:00:00', '10:00:00');
INSERT INTO timeslot (subjectID, day, timeStart, timeEnd) VALUES (148, 'Wednesday', '10:00:00', '11:00:00');
INSERT INTO timeslot (subjectID, day, timeStart, timeEnd) VALUES (149, 'Thursday', '11:00:00', '12:00:00');
INSERT INTO timeslot (subjectID, day, timeStart, timeEnd) VALUES (150, 'Tuesday', '12:00:00', '13:00:00');
INSERT INTO timeslot (subjectID, day, timeStart, timeEnd) VALUES (151, 'Tuesday', '13:00:00', '16:00:00');
INSERT INTO timeslot (subjectID, day, timeStart, timeEnd) VALUES (152, 'Wednesday', '16:00:00', '19:00:00');
INSERT INTO timeslot (subjectID, day, timeStart, timeEnd) VALUES (153, 'Thursday', '7:00:00', '8:00:00');
INSERT INTO timeslot (subjectID, day, timeStart, timeEnd) VALUES (154, 'Monday', '8:00:00', '9:00:00');
INSERT INTO timeslot (subjectID, day, timeStart, timeEnd) VALUES (155, 'Monday', '9:00:00', '10:00:00');
INSERT INTO timeslot (subjectID, day, timeStart, timeEnd) VALUES (156, 'Tuesday', '10:00:00', '11:00:00');
INSERT INTO timeslot (subjectID, day, timeStart, timeEnd) VALUES (157, 'Wednesday', '11:00:00', '12:00:00');
INSERT INTO timeslot (subjectID, day, timeStart, timeEnd) VALUES (158, 'Friday', '12:00:00', '13:00:00');
INSERT INTO timeslot (subjectID, day, timeStart, timeEnd) VALUES (159, 'Tuesday', '13:00:00', '16:00:00');
INSERT INTO timeslot (subjectID, day, timeStart, timeEnd) VALUES (160, 'Thursday', '16:00:00', '19:00:00');
INSERT INTO timeslot (subjectID, day, timeStart, timeEnd) VALUES (161, 'Friday', '7:00:00', '8:00:00');
INSERT INTO timeslot (subjectID, day, timeStart, timeEnd) VALUES (162, 'Tuesday', '8:00:00', '9:00:00');
INSERT INTO timeslot (subjectID, day, timeStart, timeEnd) VALUES (163, 'Tuesday', '9:00:00', '10:00:00');
INSERT INTO timeslot (subjectID, day, timeStart, timeEnd) VALUES (164, 'Friday', '10:00:00', '11:00:00');
INSERT INTO timeslot (subjectID, day, timeStart, timeEnd) VALUES (165, 'Monday', '11:00:00', '12:00:00');
INSERT INTO timeslot (subjectID, day, timeStart, timeEnd) VALUES (166, 'Thursday', '12:00:00', '13:00:00');
INSERT INTO timeslot (subjectID, day, timeStart, timeEnd) VALUES (167, 'Tuesday', '13:00:00', '16:00:00');
INSERT INTO timeslot (subjectID, day, timeStart, timeEnd) VALUES (168, 'Friday', '16:00:00', '19:00:00');
INSERT INTO timeslot (subjectID, day, timeStart, timeEnd) VALUES (169, 'Thursday', '7:00:00', '8:00:00');
INSERT INTO timeslot (subjectID, day, timeStart, timeEnd) VALUES (170, 'Monday', '8:00:00', '9:00:00');
INSERT INTO timeslot (subjectID, day, timeStart, timeEnd) VALUES (171, 'Friday', '9:00:00', '10:00:00');
INSERT INTO timeslot (subjectID, day, timeStart, timeEnd) VALUES (172, 'Thursday', '10:00:00', '11:00:00');
INSERT INTO timeslot (subjectID, day, timeStart, timeEnd) VALUES (173, 'Thursday', '11:00:00', '12:00:00');
INSERT INTO timeslot (subjectID, day, timeStart, timeEnd) VALUES (174, 'Thursday', '12:00:00', '13:00:00');
INSERT INTO timeslot (subjectID, day, timeStart, timeEnd) VALUES (175, 'Wednesday', '13:00:00', '16:00:00');
INSERT INTO timeslot (subjectID, day, timeStart, timeEnd) VALUES (176, 'Wednesday', '16:00:00', '19:00:00');
INSERT INTO timeslot (subjectID, day, timeStart, timeEnd) VALUES (177, 'Friday', '7:00:00', '8:00:00');
INSERT INTO timeslot (subjectID, day, timeStart, timeEnd) VALUES (178, 'Friday', '8:00:00', '9:00:00');
INSERT INTO timeslot (subjectID, day, timeStart, timeEnd) VALUES (179, 'Tuesday', '9:00:00', '10:00:00');
INSERT INTO timeslot (subjectID, day, timeStart, timeEnd) VALUES (180, 'Tuesday', '10:00:00', '11:00:00');
INSERT INTO timeslot (subjectID, day, timeStart, timeEnd) VALUES (181, 'Monday', '11:00:00', '12:00:00');
INSERT INTO timeslot (subjectID, day, timeStart, timeEnd) VALUES (182, 'Wednesday', '12:00:00', '13:00:00');
INSERT INTO timeslot (subjectID, day, timeStart, timeEnd) VALUES (183, 'Thursday', '13:00:00', '16:00:00');
INSERT INTO timeslot (subjectID, day, timeStart, timeEnd) VALUES (184, 'Monday', '16:00:00', '19:00:00');
INSERT INTO timeslot (subjectID, day, timeStart, timeEnd) VALUES (185, 'Monday', '7:00:00', '8:00:00');
INSERT INTO timeslot (subjectID, day, timeStart, timeEnd) VALUES (186, 'Monday', '8:00:00', '9:00:00');
INSERT INTO timeslot (subjectID, day, timeStart, timeEnd) VALUES (187, 'Friday', '9:00:00', '10:00:00');
INSERT INTO timeslot (subjectID, day, timeStart, timeEnd) VALUES (188, 'Friday', '10:00:00', '11:00:00');
INSERT INTO timeslot (subjectID, day, timeStart, timeEnd) VALUES (189, 'Wednesday', '11:00:00', '12:00:00');
INSERT INTO timeslot (subjectID, day, timeStart, timeEnd) VALUES (190, 'Thursday', '12:00:00', '13:00:00');
INSERT INTO timeslot (subjectID, day, timeStart, timeEnd) VALUES (191, 'Wednesday', '13:00:00', '16:00:00');
INSERT INTO timeslot (subjectID, day, timeStart, timeEnd) VALUES (192, 'Friday', '16:00:00', '19:00:00');
INSERT INTO timeslot (subjectID, day, timeStart, timeEnd) VALUES (193, 'Tuesday', '7:00:00', '8:00:00');
INSERT INTO timeslot (subjectID, day, timeStart, timeEnd) VALUES (194, 'Thursday', '8:00:00', '9:00:00');
INSERT INTO timeslot (subjectID, day, timeStart, timeEnd) VALUES (195, 'Thursday', '9:00:00', '10:00:00');
INSERT INTO timeslot (subjectID, day, timeStart, timeEnd) VALUES (196, 'Monday', '10:00:00', '11:00:00');
INSERT INTO timeslot (subjectID, day, timeStart, timeEnd) VALUES (197, 'Tuesday', '11:00:00', '12:00:00');
INSERT INTO timeslot (subjectID, day, timeStart, timeEnd) VALUES (198, 'Thursday', '12:00:00', '13:00:00');
INSERT INTO timeslot (subjectID, day, timeStart, timeEnd) VALUES (199, 'Thursday', '13:00:00', '16:00:00');
INSERT INTO timeslot (subjectID, day, timeStart, timeEnd) VALUES (200, 'Monday', '16:00:00', '19:00:00');
INSERT INTO timeslot (subjectID, day, timeStart, timeEnd) VALUES (201, 'Monday', '7:00:00', '8:00:00');
INSERT INTO timeslot (subjectID, day, timeStart, timeEnd) VALUES (202, 'Monday', '8:00:00', '9:00:00');
INSERT INTO timeslot (subjectID, day, timeStart, timeEnd) VALUES (203, 'Thursday', '9:00:00', '10:00:00');
INSERT INTO timeslot (subjectID, day, timeStart, timeEnd) VALUES (204, 'Tuesday', '10:00:00', '11:00:00');
INSERT INTO timeslot (subjectID, day, timeStart, timeEnd) VALUES (205, 'Tuesday', '11:00:00', '12:00:00');
INSERT INTO timeslot (subjectID, day, timeStart, timeEnd) VALUES (206, 'Friday', '12:00:00', '13:00:00');
INSERT INTO timeslot (subjectID, day, timeStart, timeEnd) VALUES (207, 'Tuesday', '13:00:00', '16:00:00');
INSERT INTO timeslot (subjectID, day, timeStart, timeEnd) VALUES (208, 'Wednesday', '16:00:00', '19:00:00');
INSERT INTO timeslot (subjectID, day, timeStart, timeEnd) VALUES (209, 'Thursday', '7:00:00', '8:00:00');
INSERT INTO timeslot (subjectID, day, timeStart, timeEnd) VALUES (210, 'Monday', '8:00:00', '9:00:00');
INSERT INTO timeslot (subjectID, day, timeStart, timeEnd) VALUES (211, 'Friday', '9:00:00', '10:00:00');
INSERT INTO timeslot (subjectID, day, timeStart, timeEnd) VALUES (212, 'Tuesday', '10:00:00', '11:00:00');
INSERT INTO timeslot (subjectID, day, timeStart, timeEnd) VALUES (213, 'Tuesday', '11:00:00', '12:00:00');
INSERT INTO timeslot (subjectID, day, timeStart, timeEnd) VALUES (214, 'Tuesday', '12:00:00', '13:00:00');
INSERT INTO timeslot (subjectID, day, timeStart, timeEnd) VALUES (215, 'Monday', '13:00:00', '16:00:00');
INSERT INTO timeslot (subjectID, day, timeStart, timeEnd) VALUES (216, 'Friday', '16:00:00', '19:00:00');
INSERT INTO timeslot (subjectID, day, timeStart, timeEnd) VALUES (217, 'Monday', '7:00:00', '8:00:00');
INSERT INTO timeslot (subjectID, day, timeStart, timeEnd) VALUES (218, 'Friday', '8:00:00', '9:00:00');
INSERT INTO timeslot (subjectID, day, timeStart, timeEnd) VALUES (219, 'Wednesday', '9:00:00', '10:00:00');
INSERT INTO timeslot (subjectID, day, timeStart, timeEnd) VALUES (220, 'Monday', '10:00:00', '11:00:00');
INSERT INTO timeslot (subjectID, day, timeStart, timeEnd) VALUES (221, 'Monday', '11:00:00', '12:00:00');
INSERT INTO timeslot (subjectID, day, timeStart, timeEnd) VALUES (222, 'Wednesday', '12:00:00', '13:00:00');
INSERT INTO timeslot (subjectID, day, timeStart, timeEnd) VALUES (223, 'Wednesday', '13:00:00', '16:00:00');
INSERT INTO timeslot (subjectID, day, timeStart, timeEnd) VALUES (224, 'Friday', '16:00:00', '19:00:00');
INSERT INTO timeslot (subjectID, day, timeStart, timeEnd) VALUES (225, 'Wednesday', '7:00:00', '8:00:00');
INSERT INTO timeslot (subjectID, day, timeStart, timeEnd) VALUES (226, 'Tuesday', '8:00:00', '9:00:00');
INSERT INTO timeslot (subjectID, day, timeStart, timeEnd) VALUES (227, 'Tuesday', '9:00:00', '10:00:00');
INSERT INTO timeslot (subjectID, day, timeStart, timeEnd) VALUES (228, 'Tuesday', '10:00:00', '11:00:00');
INSERT INTO timeslot (subjectID, day, timeStart, timeEnd) VALUES (229, 'Friday', '11:00:00', '12:00:00');
INSERT INTO timeslot (subjectID, day, timeStart, timeEnd) VALUES (230, 'Thursday', '12:00:00', '13:00:00');
INSERT INTO timeslot (subjectID, day, timeStart, timeEnd) VALUES (231, 'Monday', '13:00:00', '16:00:00');
INSERT INTO timeslot (subjectID, day, timeStart, timeEnd) VALUES (232, 'Monday', '16:00:00', '19:00:00');
INSERT INTO timeslot (subjectID, day, timeStart, timeEnd) VALUES (233, 'Monday', '7:00:00', '8:00:00');
INSERT INTO timeslot (subjectID, day, timeStart, timeEnd) VALUES (234, 'Monday', '8:00:00', '9:00:00');
INSERT INTO timeslot (subjectID, day, timeStart, timeEnd) VALUES (235, 'Tuesday', '9:00:00', '10:00:00');
INSERT INTO timeslot (subjectID, day, timeStart, timeEnd) VALUES (236, 'Thursday', '10:00:00', '11:00:00');
INSERT INTO timeslot (subjectID, day, timeStart, timeEnd) VALUES (237, 'Tuesday', '11:00:00', '12:00:00');
INSERT INTO timeslot (subjectID, day, timeStart, timeEnd) VALUES (238, 'Monday', '12:00:00', '13:00:00');
INSERT INTO timeslot (subjectID, day, timeStart, timeEnd) VALUES (239, 'Friday', '13:00:00', '16:00:00');
INSERT INTO timeslot (subjectID, day, timeStart, timeEnd) VALUES (240, 'Friday', '16:00:00', '19:00:00');
INSERT INTO timeslot (subjectID, day, timeStart, timeEnd) VALUES (241, 'Thursday', '7:00:00', '8:00:00');
INSERT INTO timeslot (subjectID, day, timeStart, timeEnd) VALUES (242, 'Wednesday', '8:00:00', '9:00:00');
INSERT INTO timeslot (subjectID, day, timeStart, timeEnd) VALUES (243, 'Monday', '9:00:00', '10:00:00');
INSERT INTO timeslot (subjectID, day, timeStart, timeEnd) VALUES (244, 'Friday', '10:00:00', '11:00:00');
INSERT INTO timeslot (subjectID, day, timeStart, timeEnd) VALUES (245, 'Wednesday', '11:00:00', '12:00:00');
INSERT INTO timeslot (subjectID, day, timeStart, timeEnd) VALUES (246, 'Thursday', '12:00:00', '13:00:00');
INSERT INTO timeslot (subjectID, day, timeStart, timeEnd) VALUES (247, 'Thursday', '13:00:00', '16:00:00');
INSERT INTO timeslot (subjectID, day, timeStart, timeEnd) VALUES (248, 'Monday', '16:00:00', '19:00:00');
INSERT INTO timeslot (subjectID, day, timeStart, timeEnd) VALUES (249, 'Friday', '7:00:00', '8:00:00');
INSERT INTO timeslot (subjectID, day, timeStart, timeEnd) VALUES (250, 'Wednesday', '8:00:00', '9:00:00');
INSERT INTO timeslot (subjectID, day, timeStart, timeEnd) VALUES (251, 'Wednesday', '9:00:00', '10:00:00');
INSERT INTO timeslot (subjectID, day, timeStart, timeEnd) VALUES (252, 'Monday', '10:00:00', '11:00:00');
INSERT INTO timeslot (subjectID, day, timeStart, timeEnd) VALUES (253, 'Monday', '11:00:00', '12:00:00');
INSERT INTO timeslot (subjectID, day, timeStart, timeEnd) VALUES (254, 'Wednesday', '12:00:00', '13:00:00');
INSERT INTO timeslot (subjectID, day, timeStart, timeEnd) VALUES (255, 'Tuesday', '13:00:00', '16:00:00');
INSERT INTO timeslot (subjectID, day, timeStart, timeEnd) VALUES (256, 'Tuesday', '16:00:00', '19:00:00');
INSERT INTO timeslot (subjectID, day, timeStart, timeEnd) VALUES (257, 'Thursday', '7:00:00', '8:00:00');
INSERT INTO timeslot (subjectID, day, timeStart, timeEnd) VALUES (258, 'Tuesday', '8:00:00', '9:00:00');
INSERT INTO timeslot (subjectID, day, timeStart, timeEnd) VALUES (259, 'Monday', '9:00:00', '10:00:00');
INSERT INTO timeslot (subjectID, day, timeStart, timeEnd) VALUES (260, 'Wednesday', '10:00:00', '11:00:00');
INSERT INTO timeslot (subjectID, day, timeStart, timeEnd) VALUES (261, 'Friday', '11:00:00', '12:00:00');
INSERT INTO timeslot (subjectID, day, timeStart, timeEnd) VALUES (262, 'Monday', '12:00:00', '13:00:00');
INSERT INTO timeslot (subjectID, day, timeStart, timeEnd) VALUES (263, 'Tuesday', '13:00:00', '16:00:00');
INSERT INTO timeslot (subjectID, day, timeStart, timeEnd) VALUES (264, 'Thursday', '16:00:00', '19:00:00');
INSERT INTO timeslot (subjectID, day, timeStart, timeEnd) VALUES (265, 'Tuesday', '7:00:00', '8:00:00');
INSERT INTO timeslot (subjectID, day, timeStart, timeEnd) VALUES (266, 'Tuesday', '8:00:00', '9:00:00');
INSERT INTO timeslot (subjectID, day, timeStart, timeEnd) VALUES (267, 'Thursday', '9:00:00', '10:00:00');
INSERT INTO timeslot (subjectID, day, timeStart, timeEnd) VALUES (268, 'Monday', '10:00:00', '11:00:00');
INSERT INTO timeslot (subjectID, day, timeStart, timeEnd) VALUES (269, 'Thursday', '11:00:00', '12:00:00');
INSERT INTO timeslot (subjectID, day, timeStart, timeEnd) VALUES (270, 'Tuesday', '12:00:00', '13:00:00');

-- STUDY LOAD
INSERT INTO studyLoad (degree, university, id) VALUES ('MSCS', 'UPLB', 1);
INSERT INTO studyLoad (degree, university, id) VALUES ('MIT', 'UPD', 2);
INSERT INTO studyLoad (degree, university, id) VALUES ('PHDCS', 'UPD', 3);
INSERT INTO studyLoad (degree, university, id) VALUES ('DCS', 'UPLB', 4);
INSERT INTO studyLoad (degree, university, id) VALUES ('MSCS', 'UPD', 5);
INSERT INTO studyLoad (degree, university, id) VALUES ('MIT', 'UPLB', 6);
INSERT INTO studyLoad (degree, university, id) VALUES ('PHDCS', 'UPD', 7);
INSERT INTO studyLoad (degree, university, id) VALUES ('DCS', 'UPD', 8);
INSERT INTO studyLoad (degree, university, id) VALUES ('MSCS', 'UPLB', 9);
INSERT INTO studyLoad (degree, university, id) VALUES ('MIT', 'UPLB', 10);
INSERT INTO studyLoad (degree, university, id) VALUES ('PHDCS', 'UPD', 11);
INSERT INTO studyLoad (degree, university, id) VALUES ('DCS', 'UPD', 12);
INSERT INTO studyLoad (degree, university, id) VALUES ('MSCS', 'UPLB', 13);
INSERT INTO studyLoad (degree, university, id) VALUES ('MIT', 'UPLB', 14);
INSERT INTO studyLoad (degree, university, id) VALUES ('PHDCS', 'UPLB', 15);
INSERT INTO studyLoad (degree, university, id) VALUES ('DCS', 'UPLB', 16);
INSERT INTO studyLoad (degree, university, id) VALUES ('MSCS', 'UPLB', 17);
INSERT INTO studyLoad (degree, university, id) VALUES ('MIT', 'UPD', 18);
INSERT INTO studyLoad (degree, university, id) VALUES ('PHDCS', 'UPD', 19);
INSERT INTO studyLoad (degree, university, id) VALUES ('DCS', 'UPLB', 20);
INSERT INTO studyLoad (degree, university, id) VALUES ('MSCS', 'UPD', 21);
INSERT INTO studyLoad (degree, university, id) VALUES ('MIT', 'UPD', 22);
INSERT INTO studyLoad (degree, university, id) VALUES ('PHDCS', 'UPLB', 23);
INSERT INTO studyLoad (degree, university, id) VALUES ('DCS', 'UPD', 24);
INSERT INTO studyLoad (degree, university, id) VALUES ('MSCS', 'UPD', 25);
INSERT INTO studyLoad (degree, university, id) VALUES ('MIT', 'UPD', 26);
INSERT INTO studyLoad (degree, university, id) VALUES ('PHDCS', 'UPD', 27);
INSERT INTO studyLoad (degree, university, id) VALUES ('DCS', 'UPLB', 28);
INSERT INTO studyLoad (degree, university, id) VALUES ('MSCS', 'UPLB', 29);
INSERT INTO studyLoad (degree, university, id) VALUES ('MIT', 'UPLB', 30);
INSERT INTO studyLoad (degree, university, id) VALUES ('PHDCS', 'UPLB', 31);
INSERT INTO studyLoad (degree, university, id) VALUES ('DCS', 'UPLB', 32);
INSERT INTO studyLoad (degree, university, id) VALUES ('MSCS', 'UPLB', 33);
INSERT INTO studyLoad (degree, university, id) VALUES ('MIT', 'UPLB', 34);
INSERT INTO studyLoad (degree, university, id) VALUES ('PHDCS', 'UPLB', 35);
INSERT INTO studyLoad (degree, university, id) VALUES ('DCS', 'UPD', 36);
INSERT INTO studyLoad (degree, university, id) VALUES ('MSCS', 'UPLB', 37);
INSERT INTO studyLoad (degree, university, id) VALUES ('MIT', 'UPD', 38);
INSERT INTO studyLoad (degree, university, id) VALUES ('PHDCS', 'UPLB', 39);
INSERT INTO studyLoad (degree, university, id) VALUES ('DCS', 'UPD', 40);
INSERT INTO studyLoad (degree, university, id) VALUES ('MSCS', 'UPD', 41);
INSERT INTO studyLoad (degree, university, id) VALUES ('MIT', 'UPD', 42);
INSERT INTO studyLoad (degree, university, id) VALUES ('PHDCS', 'UPD', 43);
INSERT INTO studyLoad (degree, university, id) VALUES ('DCS', 'UPD', 44);
INSERT INTO studyLoad (degree, university, id) VALUES ('MSCS', 'UPD', 45);
INSERT INTO studyLoad (degree, university, id) VALUES ('MIT', 'UPLB', 46);
INSERT INTO studyLoad (degree, university, id) VALUES ('PHDCS', 'UPLB', 47);
INSERT INTO studyLoad (degree, university, id) VALUES ('DCS', 'UPLB', 48);
INSERT INTO studyLoad (degree, university, id) VALUES ('MSCS', 'UPLB', 49);
INSERT INTO studyLoad (degree, university, id) VALUES ('MIT', 'UPD', 50);
INSERT INTO studyLoad (degree, university, id) VALUES ('PHDCS', 'UPLB', 51);
INSERT INTO studyLoad (degree, university, id) VALUES ('DCS', 'UPD', 52);
INSERT INTO studyLoad (degree, university, id) VALUES ('MSCS', 'UPLB', 53);
INSERT INTO studyLoad (degree, university, id) VALUES ('MIT', 'UPLB', 54);
INSERT INTO studyLoad (degree, university, id) VALUES ('PHDCS', 'UPLB', 55);
INSERT INTO studyLoad (degree, university, id) VALUES ('DCS', 'UPD', 56);
INSERT INTO studyLoad (degree, university, id) VALUES ('MSCS', 'UPLB', 57);
INSERT INTO studyLoad (degree, university, id) VALUES ('MIT', 'UPLB', 58);
INSERT INTO studyLoad (degree, university, id) VALUES ('PHDCS', 'UPLB', 59);
INSERT INTO studyLoad (degree, university, id) VALUES ('DCS', 'UPD', 60);
INSERT INTO studyLoad (degree, university, id) VALUES ('MSCS', 'UPD', 61);
INSERT INTO studyLoad (degree, university, id) VALUES ('MIT', 'UPLB', 62);
INSERT INTO studyLoad (degree, university, id) VALUES ('PHDCS', 'UPLB', 63);
INSERT INTO studyLoad (degree, university, id) VALUES ('DCS', 'UPLB', 64);
INSERT INTO studyLoad (degree, university, id) VALUES ('MSCS', 'UPD', 65);
INSERT INTO studyLoad (degree, university, id) VALUES ('MIT', 'UPLB', 66);
INSERT INTO studyLoad (degree, university, id) VALUES ('PHDCS', 'UPD', 67);
INSERT INTO studyLoad (degree, university, id) VALUES ('DCS', 'UPLB', 68);
INSERT INTO studyLoad (degree, university, id) VALUES ('MSCS', 'UPLB', 69);
INSERT INTO studyLoad (degree, university, id) VALUES ('MIT', 'UPD', 70);
INSERT INTO studyLoad (degree, university, id) VALUES ('PHDCS', 'UPLB', 71);
INSERT INTO studyLoad (degree, university, id) VALUES ('DCS', 'UPD', 72);
INSERT INTO studyLoad (degree, university, id) VALUES ('MSCS', 'UPD', 73);
INSERT INTO studyLoad (degree, university, id) VALUES ('MIT', 'UPD', 74);
INSERT INTO studyLoad (degree, university, id) VALUES ('PHDCS', 'UPLB', 75);
INSERT INTO studyLoad (degree, university, id) VALUES ('DCS', 'UPD', 76);
INSERT INTO studyLoad (degree, university, id) VALUES ('MSCS', 'UPD', 77);
INSERT INTO studyLoad (degree, university, id) VALUES ('MIT', 'UPD', 78);
INSERT INTO studyLoad (degree, university, id) VALUES ('PHDCS', 'UPLB', 79);
INSERT INTO studyLoad (degree, university, id) VALUES ('DCS', 'UPLB', 80);
INSERT INTO studyLoad (degree, university, id) VALUES ('MSCS', 'UPD', 81);
INSERT INTO studyLoad (degree, university, id) VALUES ('MIT', 'UPLB', 82);
INSERT INTO studyLoad (degree, university, id) VALUES ('PHDCS', 'UPD', 83);
INSERT INTO studyLoad (degree, university, id) VALUES ('DCS', 'UPLB', 84);
INSERT INTO studyLoad (degree, university, id) VALUES ('MSCS', 'UPD', 85);
INSERT INTO studyLoad (degree, university, id) VALUES ('MIT', 'UPD', 86);
INSERT INTO studyLoad (degree, university, id) VALUES ('PHDCS', 'UPD', 87);
INSERT INTO studyLoad (degree, university, id) VALUES ('DCS', 'UPLB', 88);
INSERT INTO studyLoad (degree, university, id) VALUES ('MSCS', 'UPLB', 89);
INSERT INTO studyLoad (degree, university, id) VALUES ('MIT', 'UPD', 90);

-- COURSE
INSERT INTO course (hoursPerWeek, school, credit, courseNumber, id) VALUES (6, 'CAS', 2, 'CMSC 341', 1);
INSERT INTO course (hoursPerWeek, school, credit, courseNumber, id) VALUES (6, 'CAS', 1, 'CMSC 272', 2);
INSERT INTO course (hoursPerWeek, school, credit, courseNumber, id) VALUES (2, 'CAS', 2, 'CMSC 290', 3);
INSERT INTO course (hoursPerWeek, school, credit, courseNumber, id) VALUES (5, 'CAS', 1, 'CMSC 290', 4);
INSERT INTO course (hoursPerWeek, school, credit, courseNumber, id) VALUES (3, 'CAS', 2, 'CMSC 265', 5);
INSERT INTO course (hoursPerWeek, school, credit, courseNumber, id) VALUES (6, 'CAS', 2, 'CMSC 272', 6);
INSERT INTO course (hoursPerWeek, school, credit, courseNumber, id) VALUES (2, 'CAS', 3, 'CMSC 244', 7);
INSERT INTO course (hoursPerWeek, school, credit, courseNumber, id) VALUES (3, 'CAS', 2, 'CMSC 342', 8);
INSERT INTO course (hoursPerWeek, school, credit, courseNumber, id) VALUES (2, 'CAS', 2, 'CMSC 245', 9);
INSERT INTO course (hoursPerWeek, school, credit, courseNumber, id) VALUES (6, 'CAS', 2, 'CMSC 244', 10);
INSERT INTO course (hoursPerWeek, school, credit, courseNumber, id) VALUES (5, 'CAS', 2, 'CMSC 342', 11);
INSERT INTO course (hoursPerWeek, school, credit, courseNumber, id) VALUES (2, 'CAS', 3, 'CMSC 290', 12);
INSERT INTO course (hoursPerWeek, school, credit, courseNumber, id) VALUES (6, 'CAS', 1, 'CMSC 215', 13);
INSERT INTO course (hoursPerWeek, school, credit, courseNumber, id) VALUES (3, 'CAS', 1, 'CMSC 250', 14);
INSERT INTO course (hoursPerWeek, school, credit, courseNumber, id) VALUES (2, 'CAS', 1, 'CMSC 214', 15);
INSERT INTO course (hoursPerWeek, school, credit, courseNumber, id) VALUES (4, 'CAS', 1, 'CMSC 342', 16);
INSERT INTO course (hoursPerWeek, school, credit, courseNumber, id) VALUES (4, 'CAS', 2, 'CMSC 244', 17);
INSERT INTO course (hoursPerWeek, school, credit, courseNumber, id) VALUES (6, 'CAS', 1, 'CMSC 272', 18);
INSERT INTO course (hoursPerWeek, school, credit, courseNumber, id) VALUES (4, 'CAS', 2, 'CMSC 280', 19);
INSERT INTO course (hoursPerWeek, school, credit, courseNumber, id) VALUES (3, 'CAS', 1, 'CMSC 272', 20);
INSERT INTO course (hoursPerWeek, school, credit, courseNumber, id) VALUES (2, 'CAS', 2, 'CMSC 244', 21);
INSERT INTO course (hoursPerWeek, school, credit, courseNumber, id) VALUES (2, 'CAS', 1, 'CMSC 227', 22);
INSERT INTO course (hoursPerWeek, school, credit, courseNumber, id) VALUES (2, 'CAS', 2, 'CMSC 227', 23);
INSERT INTO course (hoursPerWeek, school, credit, courseNumber, id) VALUES (6, 'CAS', 3, 'CMSC 342', 24);
INSERT INTO course (hoursPerWeek, school, credit, courseNumber, id) VALUES (5, 'CAS', 1, 'CMSC 241', 25);
INSERT INTO course (hoursPerWeek, school, credit, courseNumber, id) VALUES (3, 'CAS', 2, 'CMSC 215', 26);
INSERT INTO course (hoursPerWeek, school, credit, courseNumber, id) VALUES (3, 'CAS', 3, 'CMSC 265', 27);
INSERT INTO course (hoursPerWeek, school, credit, courseNumber, id) VALUES (5, 'CAS', 2, 'CMSC 271', 28);
INSERT INTO course (hoursPerWeek, school, credit, courseNumber, id) VALUES (3, 'CAS', 2, 'CMSC 250', 29);
INSERT INTO course (hoursPerWeek, school, credit, courseNumber, id) VALUES (4, 'CAS', 2, 'CMSC 280', 30);
INSERT INTO course (hoursPerWeek, school, credit, courseNumber, id) VALUES (6, 'CAS', 1, 'CMSC 272', 31);
INSERT INTO course (hoursPerWeek, school, credit, courseNumber, id) VALUES (6, 'CAS', 3, 'CMSC 280', 32);
INSERT INTO course (hoursPerWeek, school, credit, courseNumber, id) VALUES (6, 'CAS', 2, 'CMSC 272', 33);
INSERT INTO course (hoursPerWeek, school, credit, courseNumber, id) VALUES (6, 'CAS', 3, 'CMSC 214', 34);
INSERT INTO course (hoursPerWeek, school, credit, courseNumber, id) VALUES (6, 'CAS', 3, 'CMSC 227', 35);
INSERT INTO course (hoursPerWeek, school, credit, courseNumber, id) VALUES (2, 'CAS', 2, 'CMSC 290', 36);
INSERT INTO course (hoursPerWeek, school, credit, courseNumber, id) VALUES (4, 'CAS', 1, 'CMSC 227', 37);
INSERT INTO course (hoursPerWeek, school, credit, courseNumber, id) VALUES (6, 'CAS', 2, 'CMSC 241', 38);
INSERT INTO course (hoursPerWeek, school, credit, courseNumber, id) VALUES (3, 'CAS', 2, 'CMSC 272', 39);
INSERT INTO course (hoursPerWeek, school, credit, courseNumber, id) VALUES (4, 'CAS', 1, 'CMSC 265', 40);
INSERT INTO course (hoursPerWeek, school, credit, courseNumber, id) VALUES (4, 'CAS', 1, 'CMSC 342', 41);
INSERT INTO course (hoursPerWeek, school, credit, courseNumber, id) VALUES (6, 'CAS', 3, 'CMSC 290', 42);
INSERT INTO course (hoursPerWeek, school, credit, courseNumber, id) VALUES (6, 'CAS', 1, 'CMSC 280', 43);
INSERT INTO course (hoursPerWeek, school, credit, courseNumber, id) VALUES (6, 'CAS', 3, 'CMSC 242', 44);
INSERT INTO course (hoursPerWeek, school, credit, courseNumber, id) VALUES (4, 'CAS', 2, 'CMSC 341', 45);
INSERT INTO course (hoursPerWeek, school, credit, courseNumber, id) VALUES (2, 'CAS', 3, 'CMSC 272', 46);
INSERT INTO course (hoursPerWeek, school, credit, courseNumber, id) VALUES (3, 'CAS', 1, 'CMSC 290', 47);
INSERT INTO course (hoursPerWeek, school, credit, courseNumber, id) VALUES (6, 'CAS', 1, 'CMSC 215', 48);
INSERT INTO course (hoursPerWeek, school, credit, courseNumber, id) VALUES (2, 'CAS', 1, 'CMSC 271', 49);
INSERT INTO course (hoursPerWeek, school, credit, courseNumber, id) VALUES (2, 'CAS', 3, 'CMSC 342', 50);
INSERT INTO course (hoursPerWeek, school, credit, courseNumber, id) VALUES (5, 'CAS', 2, 'CMSC 272', 51);
INSERT INTO course (hoursPerWeek, school, credit, courseNumber, id) VALUES (6, 'CAS', 2, 'CMSC 214', 52);
INSERT INTO course (hoursPerWeek, school, credit, courseNumber, id) VALUES (5, 'CAS', 1, 'CMSC 250', 53);
INSERT INTO course (hoursPerWeek, school, credit, courseNumber, id) VALUES (4, 'CAS', 1, 'CMSC 244', 54);
INSERT INTO course (hoursPerWeek, school, credit, courseNumber, id) VALUES (3, 'CAS', 3, 'CMSC 280', 55);
INSERT INTO course (hoursPerWeek, school, credit, courseNumber, id) VALUES (3, 'CAS', 2, 'CMSC 272', 56);
INSERT INTO course (hoursPerWeek, school, credit, courseNumber, id) VALUES (5, 'CAS', 1, 'CMSC 250', 57);
INSERT INTO course (hoursPerWeek, school, credit, courseNumber, id) VALUES (2, 'CAS', 3, 'CMSC 245', 58);
INSERT INTO course (hoursPerWeek, school, credit, courseNumber, id) VALUES (5, 'CAS', 1, 'CMSC 342', 59);
INSERT INTO course (hoursPerWeek, school, credit, courseNumber, id) VALUES (3, 'CAS', 1, 'CMSC 244', 60);
INSERT INTO course (hoursPerWeek, school, credit, courseNumber, id) VALUES (5, 'CAS', 1, 'CMSC 342', 61);
INSERT INTO course (hoursPerWeek, school, credit, courseNumber, id) VALUES (6, 'CAS', 2, 'CMSC 341', 62);
INSERT INTO course (hoursPerWeek, school, credit, courseNumber, id) VALUES (3, 'CAS', 1, 'CMSC 265', 63);
INSERT INTO course (hoursPerWeek, school, credit, courseNumber, id) VALUES (5, 'CAS', 2, 'CMSC 214', 64);
INSERT INTO course (hoursPerWeek, school, credit, courseNumber, id) VALUES (6, 'CAS', 1, 'CMSC 342', 65);
INSERT INTO course (hoursPerWeek, school, credit, courseNumber, id) VALUES (3, 'CAS', 2, 'CMSC 271', 66);
INSERT INTO course (hoursPerWeek, school, credit, courseNumber, id) VALUES (3, 'CAS', 3, 'CMSC 244', 67);
INSERT INTO course (hoursPerWeek, school, credit, courseNumber, id) VALUES (6, 'CAS', 3, 'CMSC 272', 68);
INSERT INTO course (hoursPerWeek, school, credit, courseNumber, id) VALUES (6, 'CAS', 3, 'CMSC 341', 69);
INSERT INTO course (hoursPerWeek, school, credit, courseNumber, id) VALUES (4, 'CAS', 2, 'CMSC 342', 70);
INSERT INTO course (hoursPerWeek, school, credit, courseNumber, id) VALUES (6, 'CAS', 1, 'CMSC 271', 71);
INSERT INTO course (hoursPerWeek, school, credit, courseNumber, id) VALUES (6, 'CAS', 3, 'CMSC 214', 72);
INSERT INTO course (hoursPerWeek, school, credit, courseNumber, id) VALUES (3, 'CAS', 2, 'CMSC 265', 73);
INSERT INTO course (hoursPerWeek, school, credit, courseNumber, id) VALUES (6, 'CAS', 3, 'CMSC 227', 74);
INSERT INTO course (hoursPerWeek, school, credit, courseNumber, id) VALUES (6, 'CAS', 1, 'CMSC 341', 75);
INSERT INTO course (hoursPerWeek, school, credit, courseNumber, id) VALUES (3, 'CAS', 2, 'CMSC 227', 76);
INSERT INTO course (hoursPerWeek, school, credit, courseNumber, id) VALUES (3, 'CAS', 2, 'CMSC 271', 77);
INSERT INTO course (hoursPerWeek, school, credit, courseNumber, id) VALUES (2, 'CAS', 3, 'CMSC 280', 78);
INSERT INTO course (hoursPerWeek, school, credit, courseNumber, id) VALUES (4, 'CAS', 1, 'CMSC 214', 79);
INSERT INTO course (hoursPerWeek, school, credit, courseNumber, id) VALUES (2, 'CAS', 2, 'CMSC 215', 80);
INSERT INTO course (hoursPerWeek, school, credit, courseNumber, id) VALUES (3, 'CAS', 3, 'CMSC 290', 81);
INSERT INTO course (hoursPerWeek, school, credit, courseNumber, id) VALUES (2, 'CAS', 3, 'CMSC 341', 82);
INSERT INTO course (hoursPerWeek, school, credit, courseNumber, id) VALUES (3, 'CAS', 2, 'CMSC 265', 83);
INSERT INTO course (hoursPerWeek, school, credit, courseNumber, id) VALUES (4, 'CAS', 3, 'CMSC 342', 84);
INSERT INTO course (hoursPerWeek, school, credit, courseNumber, id) VALUES (6, 'CAS', 1, 'CMSC 214', 85);
INSERT INTO course (hoursPerWeek, school, credit, courseNumber, id) VALUES (5, 'CAS', 1, 'CMSC 342', 86);
INSERT INTO course (hoursPerWeek, school, credit, courseNumber, id) VALUES (4, 'CAS', 3, 'CMSC 250', 87);
INSERT INTO course (hoursPerWeek, school, credit, courseNumber, id) VALUES (2, 'CAS', 2, 'CMSC 215', 88);
INSERT INTO course (hoursPerWeek, school, credit, courseNumber, id) VALUES (2, 'CAS', 3, 'CMSC 250', 89);
INSERT INTO course (hoursPerWeek, school, credit, courseNumber, id) VALUES (6, 'CAS', 1, 'CMSC 265', 90);

-- COURSE SCHED
INSERT INTO courseSched (courseID, day, timeStart, timeEnd) VALUES (1, 'Thursday', '7:00:00', '8:00:00');
INSERT INTO courseSched (courseID, day, timeStart, timeEnd) VALUES (2, 'Tuesday', '8:00:00', '9:00:00');
INSERT INTO courseSched (courseID, day, timeStart, timeEnd) VALUES (3, 'Tuesday', '9:00:00', '10:00:00');
INSERT INTO courseSched (courseID, day, timeStart, timeEnd) VALUES (4, 'Friday', '10:00:00', '11:00:00');
INSERT INTO courseSched (courseID, day, timeStart, timeEnd) VALUES (5, 'Thursday', '11:00:00', '12:00:00');
INSERT INTO courseSched (courseID, day, timeStart, timeEnd) VALUES (6, 'Tuesday', '12:00:00', '13:00:00');
INSERT INTO courseSched (courseID, day, timeStart, timeEnd) VALUES (7, 'Monday', '13:00:00', '16:00:00');
INSERT INTO courseSched (courseID, day, timeStart, timeEnd) VALUES (8, 'Thursday', '16:00:00', '19:00:00');
INSERT INTO courseSched (courseID, day, timeStart, timeEnd) VALUES (9, 'Thursday', '7:00:00', '8:00:00');
INSERT INTO courseSched (courseID, day, timeStart, timeEnd) VALUES (10, 'Monday', '8:00:00', '9:00:00');
INSERT INTO courseSched (courseID, day, timeStart, timeEnd) VALUES (11, 'Friday', '9:00:00', '10:00:00');
INSERT INTO courseSched (courseID, day, timeStart, timeEnd) VALUES (12, 'Monday', '10:00:00', '11:00:00');
INSERT INTO courseSched (courseID, day, timeStart, timeEnd) VALUES (13, 'Tuesday', '11:00:00', '12:00:00');
INSERT INTO courseSched (courseID, day, timeStart, timeEnd) VALUES (14, 'Friday', '12:00:00', '13:00:00');
INSERT INTO courseSched (courseID, day, timeStart, timeEnd) VALUES (15, 'Wednesday', '13:00:00', '16:00:00');
INSERT INTO courseSched (courseID, day, timeStart, timeEnd) VALUES (16, 'Monday', '16:00:00', '19:00:00');
INSERT INTO courseSched (courseID, day, timeStart, timeEnd) VALUES (17, 'Wednesday', '7:00:00', '8:00:00');
INSERT INTO courseSched (courseID, day, timeStart, timeEnd) VALUES (18, 'Monday', '8:00:00', '9:00:00');
INSERT INTO courseSched (courseID, day, timeStart, timeEnd) VALUES (19, 'Monday', '9:00:00', '10:00:00');
INSERT INTO courseSched (courseID, day, timeStart, timeEnd) VALUES (20, 'Monday', '10:00:00', '11:00:00');
INSERT INTO courseSched (courseID, day, timeStart, timeEnd) VALUES (21, 'Thursday', '11:00:00', '12:00:00');
INSERT INTO courseSched (courseID, day, timeStart, timeEnd) VALUES (22, 'Tuesday', '12:00:00', '13:00:00');
INSERT INTO courseSched (courseID, day, timeStart, timeEnd) VALUES (23, 'Wednesday', '13:00:00', '16:00:00');
INSERT INTO courseSched (courseID, day, timeStart, timeEnd) VALUES (24, 'Monday', '16:00:00', '19:00:00');
INSERT INTO courseSched (courseID, day, timeStart, timeEnd) VALUES (25, 'Monday', '7:00:00', '8:00:00');
INSERT INTO courseSched (courseID, day, timeStart, timeEnd) VALUES (26, 'Wednesday', '8:00:00', '9:00:00');
INSERT INTO courseSched (courseID, day, timeStart, timeEnd) VALUES (27, 'Thursday', '9:00:00', '10:00:00');
INSERT INTO courseSched (courseID, day, timeStart, timeEnd) VALUES (28, 'Thursday', '10:00:00', '11:00:00');
INSERT INTO courseSched (courseID, day, timeStart, timeEnd) VALUES (29, 'Wednesday', '11:00:00', '12:00:00');
INSERT INTO courseSched (courseID, day, timeStart, timeEnd) VALUES (30, 'Friday', '12:00:00', '13:00:00');
INSERT INTO courseSched (courseID, day, timeStart, timeEnd) VALUES (31, 'Thursday', '13:00:00', '16:00:00');
INSERT INTO courseSched (courseID, day, timeStart, timeEnd) VALUES (32, 'Monday', '16:00:00', '19:00:00');
INSERT INTO courseSched (courseID, day, timeStart, timeEnd) VALUES (33, 'Thursday', '7:00:00', '8:00:00');
INSERT INTO courseSched (courseID, day, timeStart, timeEnd) VALUES (34, 'Friday', '8:00:00', '9:00:00');
INSERT INTO courseSched (courseID, day, timeStart, timeEnd) VALUES (35, 'Thursday', '9:00:00', '10:00:00');
INSERT INTO courseSched (courseID, day, timeStart, timeEnd) VALUES (36, 'Tuesday', '10:00:00', '11:00:00');
INSERT INTO courseSched (courseID, day, timeStart, timeEnd) VALUES (37, 'Thursday', '11:00:00', '12:00:00');
INSERT INTO courseSched (courseID, day, timeStart, timeEnd) VALUES (38, 'Monday', '12:00:00', '13:00:00');
INSERT INTO courseSched (courseID, day, timeStart, timeEnd) VALUES (39, 'Friday', '13:00:00', '16:00:00');
INSERT INTO courseSched (courseID, day, timeStart, timeEnd) VALUES (40, 'Wednesday', '16:00:00', '19:00:00');
INSERT INTO courseSched (courseID, day, timeStart, timeEnd) VALUES (41, 'Monday', '7:00:00', '8:00:00');
INSERT INTO courseSched (courseID, day, timeStart, timeEnd) VALUES (42, 'Friday', '8:00:00', '9:00:00');
INSERT INTO courseSched (courseID, day, timeStart, timeEnd) VALUES (43, 'Monday', '9:00:00', '10:00:00');
INSERT INTO courseSched (courseID, day, timeStart, timeEnd) VALUES (44, 'Monday', '10:00:00', '11:00:00');
INSERT INTO courseSched (courseID, day, timeStart, timeEnd) VALUES (45, 'Friday', '11:00:00', '12:00:00');
INSERT INTO courseSched (courseID, day, timeStart, timeEnd) VALUES (46, 'Wednesday', '12:00:00', '13:00:00');
INSERT INTO courseSched (courseID, day, timeStart, timeEnd) VALUES (47, 'Friday', '13:00:00', '16:00:00');
INSERT INTO courseSched (courseID, day, timeStart, timeEnd) VALUES (48, 'Friday', '16:00:00', '19:00:00');
INSERT INTO courseSched (courseID, day, timeStart, timeEnd) VALUES (49, 'Friday', '7:00:00', '8:00:00');
INSERT INTO courseSched (courseID, day, timeStart, timeEnd) VALUES (50, 'Thursday', '8:00:00', '9:00:00');
INSERT INTO courseSched (courseID, day, timeStart, timeEnd) VALUES (51, 'Monday', '9:00:00', '10:00:00');
INSERT INTO courseSched (courseID, day, timeStart, timeEnd) VALUES (52, 'Tuesday', '10:00:00', '11:00:00');
INSERT INTO courseSched (courseID, day, timeStart, timeEnd) VALUES (53, 'Tuesday', '11:00:00', '12:00:00');
INSERT INTO courseSched (courseID, day, timeStart, timeEnd) VALUES (54, 'Thursday', '12:00:00', '13:00:00');
INSERT INTO courseSched (courseID, day, timeStart, timeEnd) VALUES (55, 'Friday', '13:00:00', '16:00:00');
INSERT INTO courseSched (courseID, day, timeStart, timeEnd) VALUES (56, 'Monday', '16:00:00', '19:00:00');
INSERT INTO courseSched (courseID, day, timeStart, timeEnd) VALUES (57, 'Friday', '7:00:00', '8:00:00');
INSERT INTO courseSched (courseID, day, timeStart, timeEnd) VALUES (58, 'Tuesday', '8:00:00', '9:00:00');
INSERT INTO courseSched (courseID, day, timeStart, timeEnd) VALUES (59, 'Friday', '9:00:00', '10:00:00');
INSERT INTO courseSched (courseID, day, timeStart, timeEnd) VALUES (60, 'Friday', '10:00:00', '11:00:00');
INSERT INTO courseSched (courseID, day, timeStart, timeEnd) VALUES (61, 'Friday', '11:00:00', '12:00:00');
INSERT INTO courseSched (courseID, day, timeStart, timeEnd) VALUES (62, 'Wednesday', '12:00:00', '13:00:00');
INSERT INTO courseSched (courseID, day, timeStart, timeEnd) VALUES (63, 'Wednesday', '13:00:00', '16:00:00');
INSERT INTO courseSched (courseID, day, timeStart, timeEnd) VALUES (64, 'Monday', '16:00:00', '19:00:00');
INSERT INTO courseSched (courseID, day, timeStart, timeEnd) VALUES (65, 'Monday', '7:00:00', '8:00:00');
INSERT INTO courseSched (courseID, day, timeStart, timeEnd) VALUES (66, 'Friday', '8:00:00', '9:00:00');
INSERT INTO courseSched (courseID, day, timeStart, timeEnd) VALUES (67, 'Thursday', '9:00:00', '10:00:00');
INSERT INTO courseSched (courseID, day, timeStart, timeEnd) VALUES (68, 'Friday', '10:00:00', '11:00:00');
INSERT INTO courseSched (courseID, day, timeStart, timeEnd) VALUES (69, 'Monday', '11:00:00', '12:00:00');
INSERT INTO courseSched (courseID, day, timeStart, timeEnd) VALUES (70, 'Wednesday', '12:00:00', '13:00:00');
INSERT INTO courseSched (courseID, day, timeStart, timeEnd) VALUES (71, 'Thursday', '13:00:00', '16:00:00');
INSERT INTO courseSched (courseID, day, timeStart, timeEnd) VALUES (72, 'Monday', '16:00:00', '19:00:00');
INSERT INTO courseSched (courseID, day, timeStart, timeEnd) VALUES (73, 'Monday', '7:00:00', '8:00:00');
INSERT INTO courseSched (courseID, day, timeStart, timeEnd) VALUES (74, 'Tuesday', '8:00:00', '9:00:00');
INSERT INTO courseSched (courseID, day, timeStart, timeEnd) VALUES (75, 'Wednesday', '9:00:00', '10:00:00');
INSERT INTO courseSched (courseID, day, timeStart, timeEnd) VALUES (76, 'Wednesday', '10:00:00', '11:00:00');
INSERT INTO courseSched (courseID, day, timeStart, timeEnd) VALUES (77, 'Friday', '11:00:00', '12:00:00');
INSERT INTO courseSched (courseID, day, timeStart, timeEnd) VALUES (78, 'Monday', '12:00:00', '13:00:00');
INSERT INTO courseSched (courseID, day, timeStart, timeEnd) VALUES (79, 'Tuesday', '13:00:00', '16:00:00');
INSERT INTO courseSched (courseID, day, timeStart, timeEnd) VALUES (80, 'Tuesday', '16:00:00', '19:00:00');
INSERT INTO courseSched (courseID, day, timeStart, timeEnd) VALUES (81, 'Tuesday', '7:00:00', '8:00:00');
INSERT INTO courseSched (courseID, day, timeStart, timeEnd) VALUES (82, 'Friday', '8:00:00', '9:00:00');
INSERT INTO courseSched (courseID, day, timeStart, timeEnd) VALUES (83, 'Wednesday', '9:00:00', '10:00:00');
INSERT INTO courseSched (courseID, day, timeStart, timeEnd) VALUES (84, 'Monday', '10:00:00', '11:00:00');
INSERT INTO courseSched (courseID, day, timeStart, timeEnd) VALUES (85, 'Tuesday', '11:00:00', '12:00:00');
INSERT INTO courseSched (courseID, day, timeStart, timeEnd) VALUES (86, 'Thursday', '12:00:00', '13:00:00');
INSERT INTO courseSched (courseID, day, timeStart, timeEnd) VALUES (87, 'Tuesday', '13:00:00', '16:00:00');
INSERT INTO courseSched (courseID, day, timeStart, timeEnd) VALUES (88, 'Monday', '16:00:00', '19:00:00');
INSERT INTO courseSched (courseID, day, timeStart, timeEnd) VALUES (89, 'Friday', '7:00:00', '8:00:00');
INSERT INTO courseSched (courseID, day, timeStart, timeEnd) VALUES (90, 'Wednesday', '8:00:00', '9:00:00');

-- CONSULTATION HOURS
INSERT INTO consultationHours (id, place) VALUES (1, 'C-113');
INSERT INTO consultationHours (id, place) VALUES (2, 'C-118');
INSERT INTO consultationHours (id, place) VALUES (3, 'C-116');
INSERT INTO consultationHours (id, place) VALUES (4, 'C-115');
INSERT INTO consultationHours (id, place) VALUES (5, 'C-113');
INSERT INTO consultationHours (id, place) VALUES (6, 'C-118');
INSERT INTO consultationHours (id, place) VALUES (7, 'C-118');
INSERT INTO consultationHours (id, place) VALUES (8, 'C-118');
INSERT INTO consultationHours (id, place) VALUES (9, 'C-112');
INSERT INTO consultationHours (id, place) VALUES (10, 'C-115');
INSERT INTO consultationHours (id, place) VALUES (11, 'C-114');
INSERT INTO consultationHours (id, place) VALUES (12, 'C-118');
INSERT INTO consultationHours (id, place) VALUES (13, 'C-112');
INSERT INTO consultationHours (id, place) VALUES (14, 'C-113');
INSERT INTO consultationHours (id, place) VALUES (15, 'C-110');
INSERT INTO consultationHours (id, place) VALUES (16, 'C-112');
INSERT INTO consultationHours (id, place) VALUES (17, 'C-116');
INSERT INTO consultationHours (id, place) VALUES (18, 'C-115');
INSERT INTO consultationHours (id, place) VALUES (19, 'C-110');
INSERT INTO consultationHours (id, place) VALUES (20, 'C-113');
INSERT INTO consultationHours (id, place) VALUES (21, 'C-112');
INSERT INTO consultationHours (id, place) VALUES (22, 'C-115');
INSERT INTO consultationHours (id, place) VALUES (23, 'C-114');
INSERT INTO consultationHours (id, place) VALUES (24, 'C-118');
INSERT INTO consultationHours (id, place) VALUES (25, 'C-110');
INSERT INTO consultationHours (id, place) VALUES (26, 'C-115');
INSERT INTO consultationHours (id, place) VALUES (27, 'C-114');
INSERT INTO consultationHours (id, place) VALUES (28, 'C-116');
INSERT INTO consultationHours (id, place) VALUES (29, 'C-110');
INSERT INTO consultationHours (id, place) VALUES (30, 'C-114');
INSERT INTO consultationHours (id, place) VALUES (31, 'C-110');
INSERT INTO consultationHours (id, place) VALUES (32, 'C-116');
INSERT INTO consultationHours (id, place) VALUES (33, 'C-114');
INSERT INTO consultationHours (id, place) VALUES (34, 'C-112');
INSERT INTO consultationHours (id, place) VALUES (35, 'C-113');
INSERT INTO consultationHours (id, place) VALUES (36, 'C-116');
INSERT INTO consultationHours (id, place) VALUES (37, 'C-113');
INSERT INTO consultationHours (id, place) VALUES (38, 'C-110');
INSERT INTO consultationHours (id, place) VALUES (39, 'C-118');
INSERT INTO consultationHours (id, place) VALUES (40, 'C-116');
INSERT INTO consultationHours (id, place) VALUES (41, 'C-116');
INSERT INTO consultationHours (id, place) VALUES (42, 'C-114');
INSERT INTO consultationHours (id, place) VALUES (43, 'C-112');
INSERT INTO consultationHours (id, place) VALUES (44, 'C-118');
INSERT INTO consultationHours (id, place) VALUES (45, 'C-113');
INSERT INTO consultationHours (id, place) VALUES (46, 'C-115');
INSERT INTO consultationHours (id, place) VALUES (47, 'C-110');
INSERT INTO consultationHours (id, place) VALUES (48, 'C-118');
INSERT INTO consultationHours (id, place) VALUES (49, 'C-110');
INSERT INTO consultationHours (id, place) VALUES (50, 'C-118');
INSERT INTO consultationHours (id, place) VALUES (51, 'C-115');
INSERT INTO consultationHours (id, place) VALUES (52, 'C-115');
INSERT INTO consultationHours (id, place) VALUES (53, 'C-114');
INSERT INTO consultationHours (id, place) VALUES (54, 'C-110');
INSERT INTO consultationHours (id, place) VALUES (55, 'C-115');
INSERT INTO consultationHours (id, place) VALUES (56, 'C-114');
INSERT INTO consultationHours (id, place) VALUES (57, 'C-118');
INSERT INTO consultationHours (id, place) VALUES (58, 'C-110');
INSERT INTO consultationHours (id, place) VALUES (59, 'C-115');
INSERT INTO consultationHours (id, place) VALUES (60, 'C-110');
INSERT INTO consultationHours (id, place) VALUES (61, 'C-114');
INSERT INTO consultationHours (id, place) VALUES (62, 'C-110');
INSERT INTO consultationHours (id, place) VALUES (63, 'C-118');
INSERT INTO consultationHours (id, place) VALUES (64, 'C-116');
INSERT INTO consultationHours (id, place) VALUES (65, 'C-118');
INSERT INTO consultationHours (id, place) VALUES (66, 'C-113');
INSERT INTO consultationHours (id, place) VALUES (67, 'C-116');
INSERT INTO consultationHours (id, place) VALUES (68, 'C-118');
INSERT INTO consultationHours (id, place) VALUES (69, 'C-113');
INSERT INTO consultationHours (id, place) VALUES (70, 'C-116');
INSERT INTO consultationHours (id, place) VALUES (71, 'C-113');
INSERT INTO consultationHours (id, place) VALUES (72, 'C-116');
INSERT INTO consultationHours (id, place) VALUES (73, 'C-110');
INSERT INTO consultationHours (id, place) VALUES (74, 'C-112');
INSERT INTO consultationHours (id, place) VALUES (75, 'C-114');
INSERT INTO consultationHours (id, place) VALUES (76, 'C-115');
INSERT INTO consultationHours (id, place) VALUES (77, 'C-115');
INSERT INTO consultationHours (id, place) VALUES (78, 'C-110');
INSERT INTO consultationHours (id, place) VALUES (79, 'C-116');
INSERT INTO consultationHours (id, place) VALUES (80, 'C-110');
INSERT INTO consultationHours (id, place) VALUES (81, 'C-115');
INSERT INTO consultationHours (id, place) VALUES (82, 'C-110');
INSERT INTO consultationHours (id, place) VALUES (83, 'C-110');
INSERT INTO consultationHours (id, place) VALUES (84, 'C-118');
INSERT INTO consultationHours (id, place) VALUES (85, 'C-114');
INSERT INTO consultationHours (id, place) VALUES (86, 'C-114');
INSERT INTO consultationHours (id, place) VALUES (87, 'C-118');
INSERT INTO consultationHours (id, place) VALUES (88, 'C-110');
INSERT INTO consultationHours (id, place) VALUES (89, 'C-112');
INSERT INTO consultationHours (id, place) VALUES (90, 'C-113');

-- CH TIMESLOT
INSERT INTO chTimeslot (id, chID, day, timeStart, timeEnd) VALUES (1, 1, 'Monday', '7:00:00', '8:00:00');
INSERT INTO chTimeslot (id, chID, day, timeStart, timeEnd) VALUES (2, 2, 'Tuesday', '8:00:00', '9:00:00');
INSERT INTO chTimeslot (id, chID, day, timeStart, timeEnd) VALUES (3, 3, 'Wednesday', '9:00:00', '10:00:00');
INSERT INTO chTimeslot (id, chID, day, timeStart, timeEnd) VALUES (4, 4, 'Thursday', '10:00:00', '11:00:00');
INSERT INTO chTimeslot (id, chID, day, timeStart, timeEnd) VALUES (5, 5, 'Friday', '11:00:00', '12:00:00');
INSERT INTO chTimeslot (id, chID, day, timeStart, timeEnd) VALUES (6, 6, 'Monday', '12:00:00', '13:00:00');
INSERT INTO chTimeslot (id, chID, day, timeStart, timeEnd) VALUES (7, 7, 'Tuesday', '13:00:00', '16:00:00');
INSERT INTO chTimeslot (id, chID, day, timeStart, timeEnd) VALUES (8, 8, 'Wednesday', '16:00:00', '19:00:00');
INSERT INTO chTimeslot (id, chID, day, timeStart, timeEnd) VALUES (9, 9, 'Thursday', '7:00:00', '8:00:00');
INSERT INTO chTimeslot (id, chID, day, timeStart, timeEnd) VALUES (10, 10, 'Friday', '8:00:00', '9:00:00');
INSERT INTO chTimeslot (id, chID, day, timeStart, timeEnd) VALUES (11, 11, 'Monday', '9:00:00', '10:00:00');
INSERT INTO chTimeslot (id, chID, day, timeStart, timeEnd) VALUES (12, 12, 'Tuesday', '10:00:00', '11:00:00');
INSERT INTO chTimeslot (id, chID, day, timeStart, timeEnd) VALUES (13, 13, 'Wednesday', '11:00:00', '12:00:00');
INSERT INTO chTimeslot (id, chID, day, timeStart, timeEnd) VALUES (14, 14, 'Thursday', '12:00:00', '13:00:00');
INSERT INTO chTimeslot (id, chID, day, timeStart, timeEnd) VALUES (15, 15, 'Friday', '13:00:00', '16:00:00');
INSERT INTO chTimeslot (id, chID, day, timeStart, timeEnd) VALUES (16, 16, 'Monday', '16:00:00', '19:00:00');
INSERT INTO chTimeslot (id, chID, day, timeStart, timeEnd) VALUES (17, 17, 'Tuesday', '7:00:00', '8:00:00');
INSERT INTO chTimeslot (id, chID, day, timeStart, timeEnd) VALUES (18, 18, 'Wednesday', '8:00:00', '9:00:00');
INSERT INTO chTimeslot (id, chID, day, timeStart, timeEnd) VALUES (19, 19, 'Thursday', '9:00:00', '10:00:00');
INSERT INTO chTimeslot (id, chID, day, timeStart, timeEnd) VALUES (20, 20, 'Friday', '10:00:00', '11:00:00');
INSERT INTO chTimeslot (id, chID, day, timeStart, timeEnd) VALUES (21, 21, 'Monday', '11:00:00', '12:00:00');
INSERT INTO chTimeslot (id, chID, day, timeStart, timeEnd) VALUES (22, 22, 'Tuesday', '12:00:00', '13:00:00');
INSERT INTO chTimeslot (id, chID, day, timeStart, timeEnd) VALUES (23, 23, 'Wednesday', '13:00:00', '16:00:00');
INSERT INTO chTimeslot (id, chID, day, timeStart, timeEnd) VALUES (24, 24, 'Thursday', '16:00:00', '19:00:00');
INSERT INTO chTimeslot (id, chID, day, timeStart, timeEnd) VALUES (25, 25, 'Friday', '7:00:00', '8:00:00');
INSERT INTO chTimeslot (id, chID, day, timeStart, timeEnd) VALUES (26, 26, 'Monday', '8:00:00', '9:00:00');
INSERT INTO chTimeslot (id, chID, day, timeStart, timeEnd) VALUES (27, 27, 'Tuesday', '9:00:00', '10:00:00');
INSERT INTO chTimeslot (id, chID, day, timeStart, timeEnd) VALUES (28, 28, 'Wednesday', '10:00:00', '11:00:00');
INSERT INTO chTimeslot (id, chID, day, timeStart, timeEnd) VALUES (29, 29, 'Thursday', '11:00:00', '12:00:00');
INSERT INTO chTimeslot (id, chID, day, timeStart, timeEnd) VALUES (30, 30, 'Friday', '12:00:00', '13:00:00');
INSERT INTO chTimeslot (id, chID, day, timeStart, timeEnd) VALUES (31, 31, 'Monday', '13:00:00', '16:00:00');
INSERT INTO chTimeslot (id, chID, day, timeStart, timeEnd) VALUES (32, 32, 'Tuesday', '16:00:00', '19:00:00');
INSERT INTO chTimeslot (id, chID, day, timeStart, timeEnd) VALUES (33, 33, 'Wednesday', '7:00:00', '8:00:00');
INSERT INTO chTimeslot (id, chID, day, timeStart, timeEnd) VALUES (34, 34, 'Thursday', '8:00:00', '9:00:00');
INSERT INTO chTimeslot (id, chID, day, timeStart, timeEnd) VALUES (35, 35, 'Friday', '9:00:00', '10:00:00');
INSERT INTO chTimeslot (id, chID, day, timeStart, timeEnd) VALUES (36, 36, 'Monday', '10:00:00', '11:00:00');
INSERT INTO chTimeslot (id, chID, day, timeStart, timeEnd) VALUES (37, 37, 'Tuesday', '11:00:00', '12:00:00');
INSERT INTO chTimeslot (id, chID, day, timeStart, timeEnd) VALUES (38, 38, 'Wednesday', '12:00:00', '13:00:00');
INSERT INTO chTimeslot (id, chID, day, timeStart, timeEnd) VALUES (39, 39, 'Thursday', '13:00:00', '16:00:00');
INSERT INTO chTimeslot (id, chID, day, timeStart, timeEnd) VALUES (40, 40, 'Friday', '16:00:00', '19:00:00');
INSERT INTO chTimeslot (id, chID, day, timeStart, timeEnd) VALUES (41, 41, 'Monday', '7:00:00', '8:00:00');
INSERT INTO chTimeslot (id, chID, day, timeStart, timeEnd) VALUES (42, 42, 'Tuesday', '8:00:00', '9:00:00');
INSERT INTO chTimeslot (id, chID, day, timeStart, timeEnd) VALUES (43, 43, 'Wednesday', '9:00:00', '10:00:00');
INSERT INTO chTimeslot (id, chID, day, timeStart, timeEnd) VALUES (44, 44, 'Thursday', '10:00:00', '11:00:00');
INSERT INTO chTimeslot (id, chID, day, timeStart, timeEnd) VALUES (45, 45, 'Friday', '11:00:00', '12:00:00');
INSERT INTO chTimeslot (id, chID, day, timeStart, timeEnd) VALUES (46, 46, 'Monday', '12:00:00', '13:00:00');
INSERT INTO chTimeslot (id, chID, day, timeStart, timeEnd) VALUES (47, 47, 'Tuesday', '13:00:00', '16:00:00');
INSERT INTO chTimeslot (id, chID, day, timeStart, timeEnd) VALUES (48, 48, 'Wednesday', '16:00:00', '19:00:00');
INSERT INTO chTimeslot (id, chID, day, timeStart, timeEnd) VALUES (49, 49, 'Thursday', '7:00:00', '8:00:00');
INSERT INTO chTimeslot (id, chID, day, timeStart, timeEnd) VALUES (50, 50, 'Friday', '8:00:00', '9:00:00');
INSERT INTO chTimeslot (id, chID, day, timeStart, timeEnd) VALUES (51, 51, 'Monday', '9:00:00', '10:00:00');
INSERT INTO chTimeslot (id, chID, day, timeStart, timeEnd) VALUES (52, 52, 'Tuesday', '10:00:00', '11:00:00');
INSERT INTO chTimeslot (id, chID, day, timeStart, timeEnd) VALUES (53, 53, 'Wednesday', '11:00:00', '12:00:00');
INSERT INTO chTimeslot (id, chID, day, timeStart, timeEnd) VALUES (54, 54, 'Thursday', '12:00:00', '13:00:00');
INSERT INTO chTimeslot (id, chID, day, timeStart, timeEnd) VALUES (55, 55, 'Friday', '13:00:00', '16:00:00');
INSERT INTO chTimeslot (id, chID, day, timeStart, timeEnd) VALUES (56, 56, 'Monday', '16:00:00', '19:00:00');
INSERT INTO chTimeslot (id, chID, day, timeStart, timeEnd) VALUES (57, 57, 'Tuesday', '7:00:00', '8:00:00');
INSERT INTO chTimeslot (id, chID, day, timeStart, timeEnd) VALUES (58, 58, 'Wednesday', '8:00:00', '9:00:00');
INSERT INTO chTimeslot (id, chID, day, timeStart, timeEnd) VALUES (59, 59, 'Thursday', '9:00:00', '10:00:00');
INSERT INTO chTimeslot (id, chID, day, timeStart, timeEnd) VALUES (60, 60, 'Friday', '10:00:00', '11:00:00');
INSERT INTO chTimeslot (id, chID, day, timeStart, timeEnd) VALUES (61, 61, 'Monday', '11:00:00', '12:00:00');
INSERT INTO chTimeslot (id, chID, day, timeStart, timeEnd) VALUES (62, 62, 'Tuesday', '12:00:00', '13:00:00');
INSERT INTO chTimeslot (id, chID, day, timeStart, timeEnd) VALUES (63, 63, 'Wednesday', '13:00:00', '16:00:00');
INSERT INTO chTimeslot (id, chID, day, timeStart, timeEnd) VALUES (64, 64, 'Thursday', '16:00:00', '19:00:00');
INSERT INTO chTimeslot (id, chID, day, timeStart, timeEnd) VALUES (65, 65, 'Friday', '7:00:00', '8:00:00');
INSERT INTO chTimeslot (id, chID, day, timeStart, timeEnd) VALUES (66, 66, 'Monday', '8:00:00', '9:00:00');
INSERT INTO chTimeslot (id, chID, day, timeStart, timeEnd) VALUES (67, 67, 'Tuesday', '9:00:00', '10:00:00');
INSERT INTO chTimeslot (id, chID, day, timeStart, timeEnd) VALUES (68, 68, 'Wednesday', '10:00:00', '11:00:00');
INSERT INTO chTimeslot (id, chID, day, timeStart, timeEnd) VALUES (69, 69, 'Thursday', '11:00:00', '12:00:00');
INSERT INTO chTimeslot (id, chID, day, timeStart, timeEnd) VALUES (70, 70, 'Friday', '12:00:00', '13:00:00');
INSERT INTO chTimeslot (id, chID, day, timeStart, timeEnd) VALUES (71, 71, 'Monday', '13:00:00', '16:00:00');
INSERT INTO chTimeslot (id, chID, day, timeStart, timeEnd) VALUES (72, 72, 'Tuesday', '16:00:00', '19:00:00');
INSERT INTO chTimeslot (id, chID, day, timeStart, timeEnd) VALUES (73, 73, 'Wednesday', '7:00:00', '8:00:00');
INSERT INTO chTimeslot (id, chID, day, timeStart, timeEnd) VALUES (74, 74, 'Thursday', '8:00:00', '9:00:00');
INSERT INTO chTimeslot (id, chID, day, timeStart, timeEnd) VALUES (75, 75, 'Friday', '9:00:00', '10:00:00');
INSERT INTO chTimeslot (id, chID, day, timeStart, timeEnd) VALUES (76, 76, 'Monday', '10:00:00', '11:00:00');
INSERT INTO chTimeslot (id, chID, day, timeStart, timeEnd) VALUES (77, 77, 'Tuesday', '11:00:00', '12:00:00');
INSERT INTO chTimeslot (id, chID, day, timeStart, timeEnd) VALUES (78, 78, 'Wednesday', '12:00:00', '13:00:00');
INSERT INTO chTimeslot (id, chID, day, timeStart, timeEnd) VALUES (79, 79, 'Thursday', '13:00:00', '16:00:00');
INSERT INTO chTimeslot (id, chID, day, timeStart, timeEnd) VALUES (80, 80, 'Friday', '16:00:00', '19:00:00');
INSERT INTO chTimeslot (id, chID, day, timeStart, timeEnd) VALUES (81, 81, 'Monday', '7:00:00', '8:00:00');
INSERT INTO chTimeslot (id, chID, day, timeStart, timeEnd) VALUES (82, 82, 'Tuesday', '8:00:00', '9:00:00');
INSERT INTO chTimeslot (id, chID, day, timeStart, timeEnd) VALUES (83, 83, 'Wednesday', '9:00:00', '10:00:00');
INSERT INTO chTimeslot (id, chID, day, timeStart, timeEnd) VALUES (84, 84, 'Thursday', '10:00:00', '11:00:00');
INSERT INTO chTimeslot (id, chID, day, timeStart, timeEnd) VALUES (85, 85, 'Friday', '11:00:00', '12:00:00');
INSERT INTO chTimeslot (id, chID, day, timeStart, timeEnd) VALUES (86, 86, 'Monday', '12:00:00', '13:00:00');
INSERT INTO chTimeslot (id, chID, day, timeStart, timeEnd) VALUES (87, 87, 'Tuesday', '13:00:00', '16:00:00');
INSERT INTO chTimeslot (id, chID, day, timeStart, timeEnd) VALUES (88, 88, 'Wednesday', '16:00:00', '19:00:00');
INSERT INTO chTimeslot (id, chID, day, timeStart, timeEnd) VALUES (89, 89, 'Thursday', '7:00:00', '8:00:00');
INSERT INTO chTimeslot (id, chID, day, timeStart, timeEnd) VALUES (90, 90, 'Friday', '8:00:00', '9:00:00');

-- AWARD
INSERT INTO award (id, grantF, chairGrantTitle, collegeHasNominated, recipientOrNominee, professionalChair, approvedStartDate, endDate) VALUES (1, 'Sample Grant', 'Sample Grant Title', 'YES', 'Recipient', 'Sample Chair', '2017-07-02', '2018-01-27');
INSERT INTO award (id, grantF, chairGrantTitle, collegeHasNominated, recipientOrNominee, professionalChair, approvedStartDate, endDate) VALUES (2, 'Sample Grant', 'Sample Grant Title', 'YES', 'Recipient', 'Sample Chair', '2017-09-05', '2018-01-12');
INSERT INTO award (id, grantF, chairGrantTitle, collegeHasNominated, recipientOrNominee, professionalChair, approvedStartDate, endDate) VALUES (3, 'Sample Grant', 'Sample Grant Title', 'YES', 'Recipient', 'Sample Chair', '2017-10-27', '2018-03-27');
INSERT INTO award (id, grantF, chairGrantTitle, collegeHasNominated, recipientOrNominee, professionalChair, approvedStartDate, endDate) VALUES (4, 'Sample Grant', 'Sample Grant Title', 'YES', 'Nominee', 'Sample Chair', '2017-04-22', '2018-03-14');
INSERT INTO award (id, grantF, chairGrantTitle, collegeHasNominated, recipientOrNominee, professionalChair, approvedStartDate, endDate) VALUES (5, 'Sample Grant', 'Sample Grant Title', 'YES', 'Recipient', 'Sample Chair', '2017-05-22', '2018-03-16');
INSERT INTO award (id, grantF, chairGrantTitle, collegeHasNominated, recipientOrNominee, professionalChair, approvedStartDate, endDate) VALUES (6, 'Sample Grant', 'Sample Grant Title', 'YES', 'Recipient', 'Sample Chair', '2017-10-27', '2018-03-08');
INSERT INTO award (id, grantF, chairGrantTitle, collegeHasNominated, recipientOrNominee, professionalChair, approvedStartDate, endDate) VALUES (7, 'Sample Grant', 'Sample Grant Title', 'YES', 'Recipient', 'Sample Chair', '2017-03-22', '2018-03-15');
INSERT INTO award (id, grantF, chairGrantTitle, collegeHasNominated, recipientOrNominee, professionalChair, approvedStartDate, endDate) VALUES (8, 'Sample Grant', 'Sample Grant Title', 'YES', 'Recipient', 'Sample Chair', '2017-02-06', '2018-03-18');
INSERT INTO award (id, grantF, chairGrantTitle, collegeHasNominated, recipientOrNominee, professionalChair, approvedStartDate, endDate) VALUES (9, 'Sample Grant', 'Sample Grant Title', 'YES', 'Nominee', 'Sample Chair', '2017-10-20', '2018-01-31');
INSERT INTO award (id, grantF, chairGrantTitle, collegeHasNominated, recipientOrNominee, professionalChair, approvedStartDate, endDate) VALUES (10, 'Sample Grant', 'Sample Grant Title', 'YES', 'Nominee', 'Sample Chair', '2017-03-15', '2018-05-01');
INSERT INTO award (id, grantF, chairGrantTitle, collegeHasNominated, recipientOrNominee, professionalChair, approvedStartDate, endDate) VALUES (11, 'Sample Grant', 'Sample Grant Title', 'YES', 'Nominee', 'Sample Chair', '2017-05-01', '2018-03-29');
INSERT INTO award (id, grantF, chairGrantTitle, collegeHasNominated, recipientOrNominee, professionalChair, approvedStartDate, endDate) VALUES (12, 'Sample Grant', 'Sample Grant Title', 'YES', 'Nominee', 'Sample Chair', '2017-08-07', '2018-04-10');
INSERT INTO award (id, grantF, chairGrantTitle, collegeHasNominated, recipientOrNominee, professionalChair, approvedStartDate, endDate) VALUES (13, 'Sample Grant', 'Sample Grant Title', 'YES', 'Nominee', 'Sample Chair', '2017-11-30', '2018-05-11');
INSERT INTO award (id, grantF, chairGrantTitle, collegeHasNominated, recipientOrNominee, professionalChair, approvedStartDate, endDate) VALUES (14, 'Sample Grant', 'Sample Grant Title', 'YES', 'Recipient', 'Sample Chair', '2017-07-04', '2018-04-19');
INSERT INTO award (id, grantF, chairGrantTitle, collegeHasNominated, recipientOrNominee, professionalChair, approvedStartDate, endDate) VALUES (15, 'Sample Grant', 'Sample Grant Title', 'YES', 'Nominee', 'Sample Chair', '2017-06-01', '2018-03-23');
INSERT INTO award (id, grantF, chairGrantTitle, collegeHasNominated, recipientOrNominee, professionalChair, approvedStartDate, endDate) VALUES (16, 'Sample Grant', 'Sample Grant Title', 'YES', 'Nominee', 'Sample Chair', '2017-05-10', '2018-02-09');
INSERT INTO award (id, grantF, chairGrantTitle, collegeHasNominated, recipientOrNominee, professionalChair, approvedStartDate, endDate) VALUES (17, 'Sample Grant', 'Sample Grant Title', 'YES', 'Nominee', 'Sample Chair', '2017-03-05', '2018-01-01');
INSERT INTO award (id, grantF, chairGrantTitle, collegeHasNominated, recipientOrNominee, professionalChair, approvedStartDate, endDate) VALUES (18, 'Sample Grant', 'Sample Grant Title', 'YES', 'Recipient', 'Sample Chair', '2017-07-30', '2018-01-02');
INSERT INTO award (id, grantF, chairGrantTitle, collegeHasNominated, recipientOrNominee, professionalChair, approvedStartDate, endDate) VALUES (19, 'Sample Grant', 'Sample Grant Title', 'YES', 'Recipient', 'Sample Chair', '2017-12-14', '2017-12-26');
INSERT INTO award (id, grantF, chairGrantTitle, collegeHasNominated, recipientOrNominee, professionalChair, approvedStartDate, endDate) VALUES (20, 'Sample Grant', 'Sample Grant Title', 'YES', 'Recipient', 'Sample Chair', '2017-10-04', '2018-01-02');
INSERT INTO award (id, grantF, chairGrantTitle, collegeHasNominated, recipientOrNominee, professionalChair, approvedStartDate, endDate) VALUES (21, 'Sample Grant', 'Sample Grant Title', 'YES', 'Recipient', 'Sample Chair', '2017-11-14', '2018-04-30');
INSERT INTO award (id, grantF, chairGrantTitle, collegeHasNominated, recipientOrNominee, professionalChair, approvedStartDate, endDate) VALUES (22, 'Sample Grant', 'Sample Grant Title', 'YES', 'Nominee', 'Sample Chair', '2017-12-13', '2018-03-26');
INSERT INTO award (id, grantF, chairGrantTitle, collegeHasNominated, recipientOrNominee, professionalChair, approvedStartDate, endDate) VALUES (23, 'Sample Grant', 'Sample Grant Title', 'YES', 'Nominee', 'Sample Chair', '2017-02-04', '2018-01-13');
INSERT INTO award (id, grantF, chairGrantTitle, collegeHasNominated, recipientOrNominee, professionalChair, approvedStartDate, endDate) VALUES (24, 'Sample Grant', 'Sample Grant Title', 'YES', 'Recipient', 'Sample Chair', '2017-09-26', '2018-05-18');
INSERT INTO award (id, grantF, chairGrantTitle, collegeHasNominated, recipientOrNominee, professionalChair, approvedStartDate, endDate) VALUES (25, 'Sample Grant', 'Sample Grant Title', 'YES', 'Nominee', 'Sample Chair', '2017-10-06', '2018-04-14');
INSERT INTO award (id, grantF, chairGrantTitle, collegeHasNominated, recipientOrNominee, professionalChair, approvedStartDate, endDate) VALUES (26, 'Sample Grant', 'Sample Grant Title', 'YES', 'Nominee', 'Sample Chair', '2017-03-02', '2018-02-05');
INSERT INTO award (id, grantF, chairGrantTitle, collegeHasNominated, recipientOrNominee, professionalChair, approvedStartDate, endDate) VALUES (27, 'Sample Grant', 'Sample Grant Title', 'YES', 'Nominee', 'Sample Chair', '2017-04-27', '2018-01-18');
INSERT INTO award (id, grantF, chairGrantTitle, collegeHasNominated, recipientOrNominee, professionalChair, approvedStartDate, endDate) VALUES (28, 'Sample Grant', 'Sample Grant Title', 'YES', 'Recipient', 'Sample Chair', '2017-02-11', '2018-02-25');
INSERT INTO award (id, grantF, chairGrantTitle, collegeHasNominated, recipientOrNominee, professionalChair, approvedStartDate, endDate) VALUES (29, 'Sample Grant', 'Sample Grant Title', 'YES', 'Nominee', 'Sample Chair', '2017-03-25', '2018-04-05');
INSERT INTO award (id, grantF, chairGrantTitle, collegeHasNominated, recipientOrNominee, professionalChair, approvedStartDate, endDate) VALUES (30, 'Sample Grant', 'Sample Grant Title', 'YES', 'Nominee', 'Sample Chair', '2017-08-26', '2018-04-07');
INSERT INTO award (id, grantF, chairGrantTitle, collegeHasNominated, recipientOrNominee, professionalChair, approvedStartDate, endDate) VALUES (31, 'Sample Grant', 'Sample Grant Title', 'YES', 'Recipient', 'Sample Chair', '2017-06-20', '2018-03-01');
INSERT INTO award (id, grantF, chairGrantTitle, collegeHasNominated, recipientOrNominee, professionalChair, approvedStartDate, endDate) VALUES (32, 'Sample Grant', 'Sample Grant Title', 'YES', 'Recipient', 'Sample Chair', '2017-07-16', '2018-03-04');
INSERT INTO award (id, grantF, chairGrantTitle, collegeHasNominated, recipientOrNominee, professionalChair, approvedStartDate, endDate) VALUES (33, 'Sample Grant', 'Sample Grant Title', 'YES', 'Nominee', 'Sample Chair', '2017-04-16', '2018-04-25');
INSERT INTO award (id, grantF, chairGrantTitle, collegeHasNominated, recipientOrNominee, professionalChair, approvedStartDate, endDate) VALUES (34, 'Sample Grant', 'Sample Grant Title', 'YES', 'Nominee', 'Sample Chair', '2017-03-05', '2018-01-03');
INSERT INTO award (id, grantF, chairGrantTitle, collegeHasNominated, recipientOrNominee, professionalChair, approvedStartDate, endDate) VALUES (35, 'Sample Grant', 'Sample Grant Title', 'YES', 'Recipient', 'Sample Chair', '2017-07-12', '2018-04-03');
INSERT INTO award (id, grantF, chairGrantTitle, collegeHasNominated, recipientOrNominee, professionalChair, approvedStartDate, endDate) VALUES (36, 'Sample Grant', 'Sample Grant Title', 'YES', 'Nominee', 'Sample Chair', '2017-07-06', '2018-05-12');
INSERT INTO award (id, grantF, chairGrantTitle, collegeHasNominated, recipientOrNominee, professionalChair, approvedStartDate, endDate) VALUES (37, 'Sample Grant', 'Sample Grant Title', 'YES', 'Nominee', 'Sample Chair', '2017-08-10', '2018-04-15');
INSERT INTO award (id, grantF, chairGrantTitle, collegeHasNominated, recipientOrNominee, professionalChair, approvedStartDate, endDate) VALUES (38, 'Sample Grant', 'Sample Grant Title', 'YES', 'Nominee', 'Sample Chair', '2017-05-10', '2018-01-09');
INSERT INTO award (id, grantF, chairGrantTitle, collegeHasNominated, recipientOrNominee, professionalChair, approvedStartDate, endDate) VALUES (39, 'Sample Grant', 'Sample Grant Title', 'YES', 'Nominee', 'Sample Chair', '2017-10-19', '2018-02-19');
INSERT INTO award (id, grantF, chairGrantTitle, collegeHasNominated, recipientOrNominee, professionalChair, approvedStartDate, endDate) VALUES (40, 'Sample Grant', 'Sample Grant Title', 'YES', 'Nominee', 'Sample Chair', '2017-04-16', '2018-02-22');
INSERT INTO award (id, grantF, chairGrantTitle, collegeHasNominated, recipientOrNominee, professionalChair, approvedStartDate, endDate) VALUES (41, 'Sample Grant', 'Sample Grant Title', 'YES', 'Recipient', 'Sample Chair', '2017-01-18', '2018-04-16');
INSERT INTO award (id, grantF, chairGrantTitle, collegeHasNominated, recipientOrNominee, professionalChair, approvedStartDate, endDate) VALUES (42, 'Sample Grant', 'Sample Grant Title', 'YES', 'Nominee', 'Sample Chair', '2017-11-17', '2018-05-19');
INSERT INTO award (id, grantF, chairGrantTitle, collegeHasNominated, recipientOrNominee, professionalChair, approvedStartDate, endDate) VALUES (43, 'Sample Grant', 'Sample Grant Title', 'YES', 'Recipient', 'Sample Chair', '2017-09-22', '2018-04-27');
INSERT INTO award (id, grantF, chairGrantTitle, collegeHasNominated, recipientOrNominee, professionalChair, approvedStartDate, endDate) VALUES (44, 'Sample Grant', 'Sample Grant Title', 'YES', 'Nominee', 'Sample Chair', '2017-03-16', '2018-03-29');
INSERT INTO award (id, grantF, chairGrantTitle, collegeHasNominated, recipientOrNominee, professionalChair, approvedStartDate, endDate) VALUES (45, 'Sample Grant', 'Sample Grant Title', 'YES', 'Recipient', 'Sample Chair', '2017-03-26', '2018-02-08');
INSERT INTO award (id, grantF, chairGrantTitle, collegeHasNominated, recipientOrNominee, professionalChair, approvedStartDate, endDate) VALUES (46, 'Sample Grant', 'Sample Grant Title', 'YES', 'Recipient', 'Sample Chair', '2017-09-16', '2018-04-25');
INSERT INTO award (id, grantF, chairGrantTitle, collegeHasNominated, recipientOrNominee, professionalChair, approvedStartDate, endDate) VALUES (47, 'Sample Grant', 'Sample Grant Title', 'YES', 'Recipient', 'Sample Chair', '2017-04-03', '2018-01-28');
INSERT INTO award (id, grantF, chairGrantTitle, collegeHasNominated, recipientOrNominee, professionalChair, approvedStartDate, endDate) VALUES (48, 'Sample Grant', 'Sample Grant Title', 'YES', 'Recipient', 'Sample Chair', '2017-06-19', '2018-03-05');
INSERT INTO award (id, grantF, chairGrantTitle, collegeHasNominated, recipientOrNominee, professionalChair, approvedStartDate, endDate) VALUES (49, 'Sample Grant', 'Sample Grant Title', 'YES', 'Nominee', 'Sample Chair', '2017-03-30', '2018-01-09');
INSERT INTO award (id, grantF, chairGrantTitle, collegeHasNominated, recipientOrNominee, professionalChair, approvedStartDate, endDate) VALUES (50, 'Sample Grant', 'Sample Grant Title', 'YES', 'Nominee', 'Sample Chair', '2017-02-01', '2018-05-13');
INSERT INTO award (id, grantF, chairGrantTitle, collegeHasNominated, recipientOrNominee, professionalChair, approvedStartDate, endDate) VALUES (51, 'Sample Grant', 'Sample Grant Title', 'YES', 'Recipient', 'Sample Chair', '2017-11-16', '2018-02-02');
INSERT INTO award (id, grantF, chairGrantTitle, collegeHasNominated, recipientOrNominee, professionalChair, approvedStartDate, endDate) VALUES (52, 'Sample Grant', 'Sample Grant Title', 'YES', 'Nominee', 'Sample Chair', '2017-05-18', '2018-04-29');
INSERT INTO award (id, grantF, chairGrantTitle, collegeHasNominated, recipientOrNominee, professionalChair, approvedStartDate, endDate) VALUES (53, 'Sample Grant', 'Sample Grant Title', 'YES', 'Nominee', 'Sample Chair', '2017-02-28', '2018-02-15');
INSERT INTO award (id, grantF, chairGrantTitle, collegeHasNominated, recipientOrNominee, professionalChair, approvedStartDate, endDate) VALUES (54, 'Sample Grant', 'Sample Grant Title', 'YES', 'Nominee', 'Sample Chair', '2017-06-01', '2017-12-24');
INSERT INTO award (id, grantF, chairGrantTitle, collegeHasNominated, recipientOrNominee, professionalChair, approvedStartDate, endDate) VALUES (55, 'Sample Grant', 'Sample Grant Title', 'YES', 'Nominee', 'Sample Chair', '2017-10-15', '2018-04-04');
INSERT INTO award (id, grantF, chairGrantTitle, collegeHasNominated, recipientOrNominee, professionalChair, approvedStartDate, endDate) VALUES (56, 'Sample Grant', 'Sample Grant Title', 'YES', 'Nominee', 'Sample Chair', '2017-08-10', '2018-05-03');
INSERT INTO award (id, grantF, chairGrantTitle, collegeHasNominated, recipientOrNominee, professionalChair, approvedStartDate, endDate) VALUES (57, 'Sample Grant', 'Sample Grant Title', 'YES', 'Nominee', 'Sample Chair', '2017-02-17', '2018-01-18');
INSERT INTO award (id, grantF, chairGrantTitle, collegeHasNominated, recipientOrNominee, professionalChair, approvedStartDate, endDate) VALUES (58, 'Sample Grant', 'Sample Grant Title', 'YES', 'Recipient', 'Sample Chair', '2017-05-02', '2017-12-31');
INSERT INTO award (id, grantF, chairGrantTitle, collegeHasNominated, recipientOrNominee, professionalChair, approvedStartDate, endDate) VALUES (59, 'Sample Grant', 'Sample Grant Title', 'YES', 'Nominee', 'Sample Chair', '2017-07-30', '2017-12-21');
INSERT INTO award (id, grantF, chairGrantTitle, collegeHasNominated, recipientOrNominee, professionalChair, approvedStartDate, endDate) VALUES (60, 'Sample Grant', 'Sample Grant Title', 'YES', 'Recipient', 'Sample Chair', '2017-03-30', '2018-03-13');
INSERT INTO award (id, grantF, chairGrantTitle, collegeHasNominated, recipientOrNominee, professionalChair, approvedStartDate, endDate) VALUES (61, 'Sample Grant', 'Sample Grant Title', 'YES', 'Nominee', 'Sample Chair', '2017-09-26', '2017-12-24');
INSERT INTO award (id, grantF, chairGrantTitle, collegeHasNominated, recipientOrNominee, professionalChair, approvedStartDate, endDate) VALUES (62, 'Sample Grant', 'Sample Grant Title', 'YES', 'Recipient', 'Sample Chair', '2017-01-16', '2018-01-20');
INSERT INTO award (id, grantF, chairGrantTitle, collegeHasNominated, recipientOrNominee, professionalChair, approvedStartDate, endDate) VALUES (63, 'Sample Grant', 'Sample Grant Title', 'YES', 'Nominee', 'Sample Chair', '2017-09-10', '2018-05-19');
INSERT INTO award (id, grantF, chairGrantTitle, collegeHasNominated, recipientOrNominee, professionalChair, approvedStartDate, endDate) VALUES (64, 'Sample Grant', 'Sample Grant Title', 'YES', 'Recipient', 'Sample Chair', '2017-11-29', '2018-01-20');
INSERT INTO award (id, grantF, chairGrantTitle, collegeHasNominated, recipientOrNominee, professionalChair, approvedStartDate, endDate) VALUES (65, 'Sample Grant', 'Sample Grant Title', 'YES', 'Recipient', 'Sample Chair', '2017-10-27', '2018-02-07');
INSERT INTO award (id, grantF, chairGrantTitle, collegeHasNominated, recipientOrNominee, professionalChair, approvedStartDate, endDate) VALUES (66, 'Sample Grant', 'Sample Grant Title', 'YES', 'Nominee', 'Sample Chair', '2017-01-28', '2018-03-07');
INSERT INTO award (id, grantF, chairGrantTitle, collegeHasNominated, recipientOrNominee, professionalChair, approvedStartDate, endDate) VALUES (67, 'Sample Grant', 'Sample Grant Title', 'YES', 'Nominee', 'Sample Chair', '2017-02-16', '2018-04-04');
INSERT INTO award (id, grantF, chairGrantTitle, collegeHasNominated, recipientOrNominee, professionalChair, approvedStartDate, endDate) VALUES (68, 'Sample Grant', 'Sample Grant Title', 'YES', 'Nominee', 'Sample Chair', '2017-10-08', '2017-12-20');
INSERT INTO award (id, grantF, chairGrantTitle, collegeHasNominated, recipientOrNominee, professionalChair, approvedStartDate, endDate) VALUES (69, 'Sample Grant', 'Sample Grant Title', 'YES', 'Nominee', 'Sample Chair', '2017-07-13', '2018-03-11');
INSERT INTO award (id, grantF, chairGrantTitle, collegeHasNominated, recipientOrNominee, professionalChair, approvedStartDate, endDate) VALUES (70, 'Sample Grant', 'Sample Grant Title', 'YES', 'Nominee', 'Sample Chair', '2017-08-31', '2018-03-08');
INSERT INTO award (id, grantF, chairGrantTitle, collegeHasNominated, recipientOrNominee, professionalChair, approvedStartDate, endDate) VALUES (71, 'Sample Grant', 'Sample Grant Title', 'YES', 'Recipient', 'Sample Chair', '2017-01-26', '2018-01-20');
INSERT INTO award (id, grantF, chairGrantTitle, collegeHasNominated, recipientOrNominee, professionalChair, approvedStartDate, endDate) VALUES (72, 'Sample Grant', 'Sample Grant Title', 'YES', 'Recipient', 'Sample Chair', '2017-12-04', '2018-02-01');
INSERT INTO award (id, grantF, chairGrantTitle, collegeHasNominated, recipientOrNominee, professionalChair, approvedStartDate, endDate) VALUES (73, 'Sample Grant', 'Sample Grant Title', 'YES', 'Recipient', 'Sample Chair', '2017-03-15', '2018-04-09');
INSERT INTO award (id, grantF, chairGrantTitle, collegeHasNominated, recipientOrNominee, professionalChair, approvedStartDate, endDate) VALUES (74, 'Sample Grant', 'Sample Grant Title', 'YES', 'Nominee', 'Sample Chair', '2017-12-06', '2018-03-09');
INSERT INTO award (id, grantF, chairGrantTitle, collegeHasNominated, recipientOrNominee, professionalChair, approvedStartDate, endDate) VALUES (75, 'Sample Grant', 'Sample Grant Title', 'YES', 'Recipient', 'Sample Chair', '2017-02-09', '2018-02-16');
INSERT INTO award (id, grantF, chairGrantTitle, collegeHasNominated, recipientOrNominee, professionalChair, approvedStartDate, endDate) VALUES (76, 'Sample Grant', 'Sample Grant Title', 'YES', 'Recipient', 'Sample Chair', '2017-09-23', '2018-03-27');
INSERT INTO award (id, grantF, chairGrantTitle, collegeHasNominated, recipientOrNominee, professionalChair, approvedStartDate, endDate) VALUES (77, 'Sample Grant', 'Sample Grant Title', 'YES', 'Recipient', 'Sample Chair', '2017-03-23', '2018-01-08');
INSERT INTO award (id, grantF, chairGrantTitle, collegeHasNominated, recipientOrNominee, professionalChair, approvedStartDate, endDate) VALUES (78, 'Sample Grant', 'Sample Grant Title', 'YES', 'Nominee', 'Sample Chair', '2017-06-25', '2018-04-04');
INSERT INTO award (id, grantF, chairGrantTitle, collegeHasNominated, recipientOrNominee, professionalChair, approvedStartDate, endDate) VALUES (79, 'Sample Grant', 'Sample Grant Title', 'YES', 'Recipient', 'Sample Chair', '2017-06-28', '2018-05-03');
INSERT INTO award (id, grantF, chairGrantTitle, collegeHasNominated, recipientOrNominee, professionalChair, approvedStartDate, endDate) VALUES (80, 'Sample Grant', 'Sample Grant Title', 'YES', 'Recipient', 'Sample Chair', '2017-04-16', '2018-02-10');
INSERT INTO award (id, grantF, chairGrantTitle, collegeHasNominated, recipientOrNominee, professionalChair, approvedStartDate, endDate) VALUES (81, 'Sample Grant', 'Sample Grant Title', 'YES', 'Recipient', 'Sample Chair', '2017-05-27', '2018-04-16');
INSERT INTO award (id, grantF, chairGrantTitle, collegeHasNominated, recipientOrNominee, professionalChair, approvedStartDate, endDate) VALUES (82, 'Sample Grant', 'Sample Grant Title', 'YES', 'Nominee', 'Sample Chair', '2017-04-25', '2018-02-03');
INSERT INTO award (id, grantF, chairGrantTitle, collegeHasNominated, recipientOrNominee, professionalChair, approvedStartDate, endDate) VALUES (83, 'Sample Grant', 'Sample Grant Title', 'YES', 'Recipient', 'Sample Chair', '2017-10-05', '2018-04-19');
INSERT INTO award (id, grantF, chairGrantTitle, collegeHasNominated, recipientOrNominee, professionalChair, approvedStartDate, endDate) VALUES (84, 'Sample Grant', 'Sample Grant Title', 'YES', 'Recipient', 'Sample Chair', '2017-02-21', '2018-04-04');
INSERT INTO award (id, grantF, chairGrantTitle, collegeHasNominated, recipientOrNominee, professionalChair, approvedStartDate, endDate) VALUES (85, 'Sample Grant', 'Sample Grant Title', 'YES', 'Nominee', 'Sample Chair', '2017-10-02', '2018-03-23');
INSERT INTO award (id, grantF, chairGrantTitle, collegeHasNominated, recipientOrNominee, professionalChair, approvedStartDate, endDate) VALUES (86, 'Sample Grant', 'Sample Grant Title', 'YES', 'Recipient', 'Sample Chair', '2017-10-09', '2018-03-06');
INSERT INTO award (id, grantF, chairGrantTitle, collegeHasNominated, recipientOrNominee, professionalChair, approvedStartDate, endDate) VALUES (87, 'Sample Grant', 'Sample Grant Title', 'YES', 'Nominee', 'Sample Chair', '2017-06-27', '2018-05-01');
INSERT INTO award (id, grantF, chairGrantTitle, collegeHasNominated, recipientOrNominee, professionalChair, approvedStartDate, endDate) VALUES (88, 'Sample Grant', 'Sample Grant Title', 'YES', 'Nominee', 'Sample Chair', '2017-07-02', '2018-03-16');
INSERT INTO award (id, grantF, chairGrantTitle, collegeHasNominated, recipientOrNominee, professionalChair, approvedStartDate, endDate) VALUES (89, 'Sample Grant', 'Sample Grant Title', 'YES', 'Nominee', 'Sample Chair', '2017-08-19', '2018-03-10');
INSERT INTO award (id, grantF, chairGrantTitle, collegeHasNominated, recipientOrNominee, professionalChair, approvedStartDate, endDate) VALUES (90, 'Sample Grant', 'Sample Grant Title', 'YES', 'Recipient', 'Sample Chair', '2017-11-26', '2018-02-26');

-- LIMITED PRACTICE OF PROFESSION
INSERT INTO limitedPracticeOfProf (id, askedPermission) VALUES (1, 'NO');
INSERT INTO limitedPracticeOfProf (id, askedPermission) VALUES (2, 'YES');
INSERT INTO limitedPracticeOfProf (id, askedPermission) VALUES (3, 'NO');
INSERT INTO limitedPracticeOfProf (id, askedPermission) VALUES (4, 'YES');
INSERT INTO limitedPracticeOfProf (id, askedPermission) VALUES (5, 'YES');
INSERT INTO limitedPracticeOfProf (id, askedPermission) VALUES (6, 'NO');
INSERT INTO limitedPracticeOfProf (id, askedPermission) VALUES (7, 'NO');
INSERT INTO limitedPracticeOfProf (id, askedPermission) VALUES (8, 'YES');
INSERT INTO limitedPracticeOfProf (id, askedPermission) VALUES (9, 'YES');
INSERT INTO limitedPracticeOfProf (id, askedPermission) VALUES (10, 'NO');
INSERT INTO limitedPracticeOfProf (id, askedPermission) VALUES (11, 'NO');
INSERT INTO limitedPracticeOfProf (id, askedPermission) VALUES (12, 'NO');
INSERT INTO limitedPracticeOfProf (id, askedPermission) VALUES (13, 'YES');
INSERT INTO limitedPracticeOfProf (id, askedPermission) VALUES (14, 'YES');
INSERT INTO limitedPracticeOfProf (id, askedPermission) VALUES (15, 'NO');
INSERT INTO limitedPracticeOfProf (id, askedPermission) VALUES (16, 'NO');
INSERT INTO limitedPracticeOfProf (id, askedPermission) VALUES (17, 'YES');
INSERT INTO limitedPracticeOfProf (id, askedPermission) VALUES (18, 'NO');
INSERT INTO limitedPracticeOfProf (id, askedPermission) VALUES (19, 'YES');
INSERT INTO limitedPracticeOfProf (id, askedPermission) VALUES (20, 'NO');
INSERT INTO limitedPracticeOfProf (id, askedPermission) VALUES (21, 'NO');
INSERT INTO limitedPracticeOfProf (id, askedPermission) VALUES (22, 'NO');
INSERT INTO limitedPracticeOfProf (id, askedPermission) VALUES (23, 'NO');
INSERT INTO limitedPracticeOfProf (id, askedPermission) VALUES (24, 'YES');
INSERT INTO limitedPracticeOfProf (id, askedPermission) VALUES (25, 'YES');
INSERT INTO limitedPracticeOfProf (id, askedPermission) VALUES (26, 'NO');
INSERT INTO limitedPracticeOfProf (id, askedPermission) VALUES (27, 'YES');
INSERT INTO limitedPracticeOfProf (id, askedPermission) VALUES (28, 'YES');
INSERT INTO limitedPracticeOfProf (id, askedPermission) VALUES (29, 'NO');
INSERT INTO limitedPracticeOfProf (id, askedPermission) VALUES (30, 'YES');
INSERT INTO limitedPracticeOfProf (id, askedPermission) VALUES (31, 'NO');
INSERT INTO limitedPracticeOfProf (id, askedPermission) VALUES (32, 'NO');
INSERT INTO limitedPracticeOfProf (id, askedPermission) VALUES (33, 'YES');
INSERT INTO limitedPracticeOfProf (id, askedPermission) VALUES (34, 'NO');
INSERT INTO limitedPracticeOfProf (id, askedPermission) VALUES (35, 'YES');
INSERT INTO limitedPracticeOfProf (id, askedPermission) VALUES (36, 'YES');
INSERT INTO limitedPracticeOfProf (id, askedPermission) VALUES (37, 'NO');
INSERT INTO limitedPracticeOfProf (id, askedPermission) VALUES (38, 'NO');
INSERT INTO limitedPracticeOfProf (id, askedPermission) VALUES (39, 'YES');
INSERT INTO limitedPracticeOfProf (id, askedPermission) VALUES (40, 'YES');
INSERT INTO limitedPracticeOfProf (id, askedPermission) VALUES (41, 'YES');
INSERT INTO limitedPracticeOfProf (id, askedPermission) VALUES (42, 'NO');
INSERT INTO limitedPracticeOfProf (id, askedPermission) VALUES (43, 'YES');
INSERT INTO limitedPracticeOfProf (id, askedPermission) VALUES (44, 'YES');
INSERT INTO limitedPracticeOfProf (id, askedPermission) VALUES (45, 'NO');
INSERT INTO limitedPracticeOfProf (id, askedPermission) VALUES (46, 'NO');
INSERT INTO limitedPracticeOfProf (id, askedPermission) VALUES (47, 'NO');
INSERT INTO limitedPracticeOfProf (id, askedPermission) VALUES (48, 'YES');
INSERT INTO limitedPracticeOfProf (id, askedPermission) VALUES (49, 'NO');
INSERT INTO limitedPracticeOfProf (id, askedPermission) VALUES (50, 'NO');
INSERT INTO limitedPracticeOfProf (id, askedPermission) VALUES (51, 'NO');
INSERT INTO limitedPracticeOfProf (id, askedPermission) VALUES (52, 'NO');
INSERT INTO limitedPracticeOfProf (id, askedPermission) VALUES (53, 'NO');
INSERT INTO limitedPracticeOfProf (id, askedPermission) VALUES (54, 'YES');
INSERT INTO limitedPracticeOfProf (id, askedPermission) VALUES (55, 'NO');
INSERT INTO limitedPracticeOfProf (id, askedPermission) VALUES (56, 'YES');
INSERT INTO limitedPracticeOfProf (id, askedPermission) VALUES (57, 'NO');
INSERT INTO limitedPracticeOfProf (id, askedPermission) VALUES (58, 'NO');
INSERT INTO limitedPracticeOfProf (id, askedPermission) VALUES (59, 'YES');
INSERT INTO limitedPracticeOfProf (id, askedPermission) VALUES (60, 'YES');
INSERT INTO limitedPracticeOfProf (id, askedPermission) VALUES (61, 'YES');
INSERT INTO limitedPracticeOfProf (id, askedPermission) VALUES (62, 'NO');
INSERT INTO limitedPracticeOfProf (id, askedPermission) VALUES (63, 'YES');
INSERT INTO limitedPracticeOfProf (id, askedPermission) VALUES (64, 'NO');
INSERT INTO limitedPracticeOfProf (id, askedPermission) VALUES (65, 'YES');
INSERT INTO limitedPracticeOfProf (id, askedPermission) VALUES (66, 'NO');
INSERT INTO limitedPracticeOfProf (id, askedPermission) VALUES (67, 'YES');
INSERT INTO limitedPracticeOfProf (id, askedPermission) VALUES (68, 'NO');
INSERT INTO limitedPracticeOfProf (id, askedPermission) VALUES (69, 'NO');
INSERT INTO limitedPracticeOfProf (id, askedPermission) VALUES (70, 'NO');
INSERT INTO limitedPracticeOfProf (id, askedPermission) VALUES (71, 'YES');
INSERT INTO limitedPracticeOfProf (id, askedPermission) VALUES (72, 'YES');
INSERT INTO limitedPracticeOfProf (id, askedPermission) VALUES (73, 'NO');
INSERT INTO limitedPracticeOfProf (id, askedPermission) VALUES (74, 'YES');
INSERT INTO limitedPracticeOfProf (id, askedPermission) VALUES (75, 'YES');
INSERT INTO limitedPracticeOfProf (id, askedPermission) VALUES (76, 'YES');
INSERT INTO limitedPracticeOfProf (id, askedPermission) VALUES (77, 'YES');
INSERT INTO limitedPracticeOfProf (id, askedPermission) VALUES (78, 'NO');
INSERT INTO limitedPracticeOfProf (id, askedPermission) VALUES (79, 'YES');
INSERT INTO limitedPracticeOfProf (id, askedPermission) VALUES (80, 'YES');
INSERT INTO limitedPracticeOfProf (id, askedPermission) VALUES (81, 'YES');
INSERT INTO limitedPracticeOfProf (id, askedPermission) VALUES (82, 'NO');
INSERT INTO limitedPracticeOfProf (id, askedPermission) VALUES (83, 'YES');
INSERT INTO limitedPracticeOfProf (id, askedPermission) VALUES (84, 'NO');
INSERT INTO limitedPracticeOfProf (id, askedPermission) VALUES (85, 'YES');
INSERT INTO limitedPracticeOfProf (id, askedPermission) VALUES (86, 'NO');
INSERT INTO limitedPracticeOfProf (id, askedPermission) VALUES (87, 'NO');
INSERT INTO limitedPracticeOfProf (id, askedPermission) VALUES (88, 'YES');
INSERT INTO limitedPracticeOfProf (id, askedPermission) VALUES (89, 'NO');
INSERT INTO limitedPracticeOfProf (id, askedPermission) VALUES (90, 'NO');

-- EXTENSION AND COMMUNITY SERVICE
INSERT INTO extensionAndCommunityService (id, participant, role, hours, title, creditUnit, type, startDate, endDate) VALUES (1, 2, 'Supervisor', 13, 'Sample Title', 6, 'Symposium', '2017-07-23', '2018-05-10');
INSERT INTO extensionAndCommunityService (id, participant, role, hours, title, creditUnit, type, startDate, endDate) VALUES (2, 1, 'Volunteer', 45, 'Sample Title', 5, 'Symposium', '2017-05-03', '2018-03-18');
INSERT INTO extensionAndCommunityService (id, participant, role, hours, title, creditUnit, type, startDate, endDate) VALUES (3, 10, 'Speaker', 29, 'Sample Title', 4, 'Workshop', '2017-03-08', '2018-05-03');
INSERT INTO extensionAndCommunityService (id, participant, role, hours, title, creditUnit, type, startDate, endDate) VALUES (4, 5, 'Facilitator', 22, 'Sample Title', 6, 'Training', '2017-04-20', '2018-05-02');
INSERT INTO extensionAndCommunityService (id, participant, role, hours, title, creditUnit, type, startDate, endDate) VALUES (5, 6, 'Speaker', 27, 'Sample Title', 4, 'Others', '2017-05-20', '2018-03-04');
INSERT INTO extensionAndCommunityService (id, participant, role, hours, title, creditUnit, type, startDate, endDate) VALUES (6, 4, 'Supervisor', 41, 'Sample Title', 5, 'Training', '2017-03-07', '2018-05-10');
INSERT INTO extensionAndCommunityService (id, participant, role, hours, title, creditUnit, type, startDate, endDate) VALUES (7, 3, 'Volunteer', 28, 'Sample Title', 3, 'Others', '2017-11-10', '2018-04-24');
INSERT INTO extensionAndCommunityService (id, participant, role, hours, title, creditUnit, type, startDate, endDate) VALUES (8, 10, 'Volunteer', 21, 'Sample Title', 4, 'Symposium', '2017-11-10', '2018-03-16');
INSERT INTO extensionAndCommunityService (id, participant, role, hours, title, creditUnit, type, startDate, endDate) VALUES (9, 8, 'Supervisor', 39, 'Sample Title', 4, 'Training', '2017-05-21', '2018-03-26');
INSERT INTO extensionAndCommunityService (id, participant, role, hours, title, creditUnit, type, startDate, endDate) VALUES (10, 3, 'Speaker', 36, 'Sample Title', 6, 'Information Dissemination', '2017-11-27', '2018-04-12');
INSERT INTO extensionAndCommunityService (id, participant, role, hours, title, creditUnit, type, startDate, endDate) VALUES (11, 7, 'Facilitator', 32, 'Sample Title', 2, 'Others', '2017-11-24', '2018-03-09');
INSERT INTO extensionAndCommunityService (id, participant, role, hours, title, creditUnit, type, startDate, endDate) VALUES (12, 5, 'Volunteer', 15, 'Sample Title', 2, 'Others', '2017-09-09', '2018-03-13');
INSERT INTO extensionAndCommunityService (id, participant, role, hours, title, creditUnit, type, startDate, endDate) VALUES (13, 7, 'Facilitator', 17, 'Sample Title', 3, 'Information Dissemination', '2017-02-02', '2018-04-29');
INSERT INTO extensionAndCommunityService (id, participant, role, hours, title, creditUnit, type, startDate, endDate) VALUES (14, 1, 'Supervisor', 40, 'Sample Title', 4, 'Workshop', '2017-08-11', '2018-03-05');
INSERT INTO extensionAndCommunityService (id, participant, role, hours, title, creditUnit, type, startDate, endDate) VALUES (15, 10, 'Supervisor', 44, 'Sample Title', 5, 'Training', '2017-02-15', '2018-03-12');
INSERT INTO extensionAndCommunityService (id, participant, role, hours, title, creditUnit, type, startDate, endDate) VALUES (16, 6, 'Facilitator', 12, 'Sample Title', 2, 'Workshop', '2017-06-15', '2018-05-17');
INSERT INTO extensionAndCommunityService (id, participant, role, hours, title, creditUnit, type, startDate, endDate) VALUES (17, 1, 'Supervisor', 18, 'Sample Title', 4, 'Workshop', '2017-11-18', '2018-04-16');
INSERT INTO extensionAndCommunityService (id, participant, role, hours, title, creditUnit, type, startDate, endDate) VALUES (18, 1, 'Supervisor', 22, 'Sample Title', 5, 'Others', '2017-09-27', '2018-04-20');
INSERT INTO extensionAndCommunityService (id, participant, role, hours, title, creditUnit, type, startDate, endDate) VALUES (19, 10, 'Speaker', 23, 'Sample Title', 4, 'Information Dissemination', '2017-09-30', '2018-04-09');
INSERT INTO extensionAndCommunityService (id, participant, role, hours, title, creditUnit, type, startDate, endDate) VALUES (20, 9, 'Supervisor', 30, 'Sample Title', 5, 'Information Dissemination', '2017-09-28', '2018-04-14');
INSERT INTO extensionAndCommunityService (id, participant, role, hours, title, creditUnit, type, startDate, endDate) VALUES (21, 10, 'Facilitator', 11, 'Sample Title', 5, 'Workshop', '2017-08-14', '2018-04-25');
INSERT INTO extensionAndCommunityService (id, participant, role, hours, title, creditUnit, type, startDate, endDate) VALUES (22, 5, 'Supervisor', 25, 'Sample Title', 4, 'Training', '2017-02-11', '2018-05-05');
INSERT INTO extensionAndCommunityService (id, participant, role, hours, title, creditUnit, type, startDate, endDate) VALUES (23, 2, 'Supervisor', 20, 'Sample Title', 5, 'Information Dissemination', '2017-10-31', '2018-04-10');
INSERT INTO extensionAndCommunityService (id, participant, role, hours, title, creditUnit, type, startDate, endDate) VALUES (24, 10, 'Facilitator', 8, 'Sample Title', 3, 'Workshop', '2017-10-29', '2018-02-26');
INSERT INTO extensionAndCommunityService (id, participant, role, hours, title, creditUnit, type, startDate, endDate) VALUES (25, 1, 'Facilitator', 17, 'Sample Title', 2, 'Others', '2017-07-26', '2018-05-14');
INSERT INTO extensionAndCommunityService (id, participant, role, hours, title, creditUnit, type, startDate, endDate) VALUES (26, 5, 'Facilitator', 14, 'Sample Title', 3, 'Symposium', '2017-02-07', '2018-04-19');
INSERT INTO extensionAndCommunityService (id, participant, role, hours, title, creditUnit, type, startDate, endDate) VALUES (27, 3, 'Volunteer', 26, 'Sample Title', 5, 'Others', '2017-06-06', '2018-01-20');
INSERT INTO extensionAndCommunityService (id, participant, role, hours, title, creditUnit, type, startDate, endDate) VALUES (28, 10, 'Speaker', 40, 'Sample Title', 3, 'Others', '2017-02-15', '2018-02-22');
INSERT INTO extensionAndCommunityService (id, participant, role, hours, title, creditUnit, type, startDate, endDate) VALUES (29, 6, 'Facilitator', 32, 'Sample Title', 2, 'Symposium', '2017-08-22', '2018-04-03');
INSERT INTO extensionAndCommunityService (id, participant, role, hours, title, creditUnit, type, startDate, endDate) VALUES (30, 1, 'Volunteer', 27, 'Sample Title', 4, 'Information Dissemination', '2017-03-06', '2018-01-30');
INSERT INTO extensionAndCommunityService (id, participant, role, hours, title, creditUnit, type, startDate, endDate) VALUES (31, 3, 'Facilitator', 12, 'Sample Title', 6, 'Others', '2017-03-23', '2018-03-24');
INSERT INTO extensionAndCommunityService (id, participant, role, hours, title, creditUnit, type, startDate, endDate) VALUES (32, 4, 'Speaker', 42, 'Sample Title', 5, 'Training', '2017-10-30', '2018-05-04');
INSERT INTO extensionAndCommunityService (id, participant, role, hours, title, creditUnit, type, startDate, endDate) VALUES (33, 7, 'Speaker', 38, 'Sample Title', 6, 'Others', '2017-11-19', '2018-04-19');
INSERT INTO extensionAndCommunityService (id, participant, role, hours, title, creditUnit, type, startDate, endDate) VALUES (34, 7, 'Facilitator', 11, 'Sample Title', 5, 'Training', '2017-04-09', '2018-03-24');
INSERT INTO extensionAndCommunityService (id, participant, role, hours, title, creditUnit, type, startDate, endDate) VALUES (35, 3, 'Facilitator', 40, 'Sample Title', 3, 'Workshop', '2017-08-11', '2018-03-21');
INSERT INTO extensionAndCommunityService (id, participant, role, hours, title, creditUnit, type, startDate, endDate) VALUES (36, 4, 'Facilitator', 38, 'Sample Title', 3, 'Training', '2017-03-18', '2018-04-02');
INSERT INTO extensionAndCommunityService (id, participant, role, hours, title, creditUnit, type, startDate, endDate) VALUES (37, 6, 'Facilitator', 45, 'Sample Title', 3, 'Workshop', '2017-09-12', '2018-02-12');
INSERT INTO extensionAndCommunityService (id, participant, role, hours, title, creditUnit, type, startDate, endDate) VALUES (38, 5, 'Speaker', 19, 'Sample Title', 5, 'Training', '2017-04-05', '2018-02-08');
INSERT INTO extensionAndCommunityService (id, participant, role, hours, title, creditUnit, type, startDate, endDate) VALUES (39, 7, 'Volunteer', 48, 'Sample Title', 3, 'Others', '2017-02-23', '2018-05-16');
INSERT INTO extensionAndCommunityService (id, participant, role, hours, title, creditUnit, type, startDate, endDate) VALUES (40, 4, 'Supervisor', 35, 'Sample Title', 2, 'Training', '2017-07-19', '2018-04-09');
INSERT INTO extensionAndCommunityService (id, participant, role, hours, title, creditUnit, type, startDate, endDate) VALUES (41, 7, 'Volunteer', 27, 'Sample Title', 6, 'Training', '2017-11-10', '2018-03-23');
INSERT INTO extensionAndCommunityService (id, participant, role, hours, title, creditUnit, type, startDate, endDate) VALUES (42, 9, 'Volunteer', 26, 'Sample Title', 5, 'Training', '2017-03-19', '2018-05-11');
INSERT INTO extensionAndCommunityService (id, participant, role, hours, title, creditUnit, type, startDate, endDate) VALUES (43, 9, 'Speaker', 34, 'Sample Title', 3, 'Others', '2017-04-17', '2018-04-25');
INSERT INTO extensionAndCommunityService (id, participant, role, hours, title, creditUnit, type, startDate, endDate) VALUES (44, 5, 'Speaker', 31, 'Sample Title', 4, 'Symposium', '2017-02-02', '2018-02-01');
INSERT INTO extensionAndCommunityService (id, participant, role, hours, title, creditUnit, type, startDate, endDate) VALUES (45, 4, 'Facilitator', 38, 'Sample Title', 4, 'Others', '2017-10-31', '2018-01-28');
INSERT INTO extensionAndCommunityService (id, participant, role, hours, title, creditUnit, type, startDate, endDate) VALUES (46, 2, 'Facilitator', 46, 'Sample Title', 5, 'Training', '2017-10-06', '2018-02-05');
INSERT INTO extensionAndCommunityService (id, participant, role, hours, title, creditUnit, type, startDate, endDate) VALUES (47, 9, 'Volunteer', 29, 'Sample Title', 3, 'Information Dissemination', '2017-05-02', '2018-05-10');
INSERT INTO extensionAndCommunityService (id, participant, role, hours, title, creditUnit, type, startDate, endDate) VALUES (48, 3, 'Volunteer', 20, 'Sample Title', 3, 'Symposium', '2017-03-09', '2018-04-04');
INSERT INTO extensionAndCommunityService (id, participant, role, hours, title, creditUnit, type, startDate, endDate) VALUES (49, 6, 'Volunteer', 46, 'Sample Title', 4, 'Workshop', '2017-07-09', '2018-05-03');
INSERT INTO extensionAndCommunityService (id, participant, role, hours, title, creditUnit, type, startDate, endDate) VALUES (50, 4, 'Facilitator', 24, 'Sample Title', 5, 'Others', '2017-11-25', '2018-04-24');
INSERT INTO extensionAndCommunityService (id, participant, role, hours, title, creditUnit, type, startDate, endDate) VALUES (51, 6, 'Facilitator', 44, 'Sample Title', 4, 'Others', '2017-02-08', '2018-02-15');
INSERT INTO extensionAndCommunityService (id, participant, role, hours, title, creditUnit, type, startDate, endDate) VALUES (52, 6, 'Volunteer', 23, 'Sample Title', 2, 'Others', '2017-11-30', '2018-03-01');
INSERT INTO extensionAndCommunityService (id, participant, role, hours, title, creditUnit, type, startDate, endDate) VALUES (53, 5, 'Facilitator', 19, 'Sample Title', 3, 'Symposium', '2017-03-14', '2018-01-18');
INSERT INTO extensionAndCommunityService (id, participant, role, hours, title, creditUnit, type, startDate, endDate) VALUES (54, 6, 'Facilitator', 39, 'Sample Title', 4, 'Workshop', '2017-11-29', '2018-04-14');
INSERT INTO extensionAndCommunityService (id, participant, role, hours, title, creditUnit, type, startDate, endDate) VALUES (55, 3, 'Volunteer', 27, 'Sample Title', 3, 'Symposium', '2017-01-24', '2018-01-20');
INSERT INTO extensionAndCommunityService (id, participant, role, hours, title, creditUnit, type, startDate, endDate) VALUES (56, 8, 'Speaker', 47, 'Sample Title', 3, 'Others', '2017-06-30', '2018-03-24');
INSERT INTO extensionAndCommunityService (id, participant, role, hours, title, creditUnit, type, startDate, endDate) VALUES (57, 5, 'Supervisor', 41, 'Sample Title', 2, 'Symposium', '2017-04-13', '2018-02-13');
INSERT INTO extensionAndCommunityService (id, participant, role, hours, title, creditUnit, type, startDate, endDate) VALUES (58, 4, 'Supervisor', 31, 'Sample Title', 6, 'Others', '2017-03-06', '2018-02-28');
INSERT INTO extensionAndCommunityService (id, participant, role, hours, title, creditUnit, type, startDate, endDate) VALUES (59, 7, 'Speaker', 34, 'Sample Title', 6, 'Symposium', '2017-07-19', '2018-02-01');
INSERT INTO extensionAndCommunityService (id, participant, role, hours, title, creditUnit, type, startDate, endDate) VALUES (60, 7, 'Supervisor', 12, 'Sample Title', 2, 'Training', '2017-04-14', '2018-03-21');
INSERT INTO extensionAndCommunityService (id, participant, role, hours, title, creditUnit, type, startDate, endDate) VALUES (61, 1, 'Volunteer', 17, 'Sample Title', 4, 'Training', '2017-05-20', '2018-03-14');
INSERT INTO extensionAndCommunityService (id, participant, role, hours, title, creditUnit, type, startDate, endDate) VALUES (62, 5, 'Volunteer', 48, 'Sample Title', 3, 'Workshop', '2017-02-04', '2018-02-09');
INSERT INTO extensionAndCommunityService (id, participant, role, hours, title, creditUnit, type, startDate, endDate) VALUES (63, 10, 'Supervisor', 9, 'Sample Title', 2, 'Training', '2017-04-01', '2018-05-05');
INSERT INTO extensionAndCommunityService (id, participant, role, hours, title, creditUnit, type, startDate, endDate) VALUES (64, 6, 'Volunteer', 39, 'Sample Title', 5, 'Others', '2017-08-06', '2018-05-09');
INSERT INTO extensionAndCommunityService (id, participant, role, hours, title, creditUnit, type, startDate, endDate) VALUES (65, 9, 'Supervisor', 28, 'Sample Title', 3, 'Symposium', '2017-04-06', '2018-02-28');
INSERT INTO extensionAndCommunityService (id, participant, role, hours, title, creditUnit, type, startDate, endDate) VALUES (66, 1, 'Facilitator', 37, 'Sample Title', 6, 'Symposium', '2017-11-17', '2018-03-22');
INSERT INTO extensionAndCommunityService (id, participant, role, hours, title, creditUnit, type, startDate, endDate) VALUES (67, 6, 'Volunteer', 21, 'Sample Title', 6, 'Training', '2017-06-03', '2018-02-01');
INSERT INTO extensionAndCommunityService (id, participant, role, hours, title, creditUnit, type, startDate, endDate) VALUES (68, 1, 'Supervisor', 23, 'Sample Title', 6, 'Others', '2017-01-22', '2018-04-21');
INSERT INTO extensionAndCommunityService (id, participant, role, hours, title, creditUnit, type, startDate, endDate) VALUES (69, 9, 'Facilitator', 46, 'Sample Title', 4, 'Information Dissemination', '2017-05-01', '2018-02-22');
INSERT INTO extensionAndCommunityService (id, participant, role, hours, title, creditUnit, type, startDate, endDate) VALUES (70, 8, 'Volunteer', 19, 'Sample Title', 4, 'Workshop', '2017-03-26', '2018-03-26');
INSERT INTO extensionAndCommunityService (id, participant, role, hours, title, creditUnit, type, startDate, endDate) VALUES (71, 6, 'Volunteer', 48, 'Sample Title', 4, 'Information Dissemination', '2017-08-29', '2018-05-10');
INSERT INTO extensionAndCommunityService (id, participant, role, hours, title, creditUnit, type, startDate, endDate) VALUES (72, 4, 'Facilitator', 8, 'Sample Title', 5, 'Workshop', '2017-05-02', '2018-03-20');
INSERT INTO extensionAndCommunityService (id, participant, role, hours, title, creditUnit, type, startDate, endDate) VALUES (73, 4, 'Speaker', 32, 'Sample Title', 3, 'Workshop', '2017-05-09', '2018-04-21');
INSERT INTO extensionAndCommunityService (id, participant, role, hours, title, creditUnit, type, startDate, endDate) VALUES (74, 10, 'Speaker', 14, 'Sample Title', 2, 'Training', '2017-08-24', '2018-02-24');
INSERT INTO extensionAndCommunityService (id, participant, role, hours, title, creditUnit, type, startDate, endDate) VALUES (75, 2, 'Supervisor', 31, 'Sample Title', 3, 'Others', '2017-04-09', '2018-03-14');
INSERT INTO extensionAndCommunityService (id, participant, role, hours, title, creditUnit, type, startDate, endDate) VALUES (76, 9, 'Supervisor', 19, 'Sample Title', 2, 'Workshop', '2017-09-29', '2018-04-14');
INSERT INTO extensionAndCommunityService (id, participant, role, hours, title, creditUnit, type, startDate, endDate) VALUES (77, 2, 'Volunteer', 22, 'Sample Title', 5, 'Workshop', '2017-09-04', '2018-03-31');
INSERT INTO extensionAndCommunityService (id, participant, role, hours, title, creditUnit, type, startDate, endDate) VALUES (78, 8, 'Supervisor', 37, 'Sample Title', 4, 'Symposium', '2017-04-29', '2018-05-14');
INSERT INTO extensionAndCommunityService (id, participant, role, hours, title, creditUnit, type, startDate, endDate) VALUES (79, 2, 'Supervisor', 42, 'Sample Title', 4, 'Information Dissemination', '2017-10-19', '2018-04-02');
INSERT INTO extensionAndCommunityService (id, participant, role, hours, title, creditUnit, type, startDate, endDate) VALUES (80, 9, 'Volunteer', 11, 'Sample Title', 3, 'Workshop', '2017-05-10', '2018-04-03');
INSERT INTO extensionAndCommunityService (id, participant, role, hours, title, creditUnit, type, startDate, endDate) VALUES (81, 2, 'Speaker', 28, 'Sample Title', 3, 'Workshop', '2017-10-13', '2018-02-01');
INSERT INTO extensionAndCommunityService (id, participant, role, hours, title, creditUnit, type, startDate, endDate) VALUES (82, 8, 'Volunteer', 22, 'Sample Title', 4, 'Others', '2017-08-13', '2018-02-06');
INSERT INTO extensionAndCommunityService (id, participant, role, hours, title, creditUnit, type, startDate, endDate) VALUES (83, 4, 'Supervisor', 17, 'Sample Title', 6, 'Information Dissemination', '2017-07-10', '2018-03-15');
INSERT INTO extensionAndCommunityService (id, participant, role, hours, title, creditUnit, type, startDate, endDate) VALUES (84, 9, 'Supervisor', 15, 'Sample Title', 6, 'Symposium', '2017-11-05', '2018-05-05');
INSERT INTO extensionAndCommunityService (id, participant, role, hours, title, creditUnit, type, startDate, endDate) VALUES (85, 9, 'Supervisor', 40, 'Sample Title', 4, 'Information Dissemination', '2017-07-05', '2018-03-13');
INSERT INTO extensionAndCommunityService (id, participant, role, hours, title, creditUnit, type, startDate, endDate) VALUES (86, 5, 'Speaker', 42, 'Sample Title', 5, 'Information Dissemination', '2017-05-10', '2018-01-19');
INSERT INTO extensionAndCommunityService (id, participant, role, hours, title, creditUnit, type, startDate, endDate) VALUES (87, 3, 'Facilitator', 31, 'Sample Title', 5, 'Symposium', '2017-07-26', '2018-04-22');
INSERT INTO extensionAndCommunityService (id, participant, role, hours, title, creditUnit, type, startDate, endDate) VALUES (88, 10, 'Supervisor', 36, 'Sample Title', 5, 'Others', '2017-10-21', '2018-04-17');
INSERT INTO extensionAndCommunityService (id, participant, role, hours, title, creditUnit, type, startDate, endDate) VALUES (89, 4, 'Volunteer', 48, 'Sample Title', 6, 'Training', '2017-11-21', '2018-02-14');
INSERT INTO extensionAndCommunityService (id, participant, role, hours, title, creditUnit, type, startDate, endDate) VALUES (90, 6, 'Speaker', 45, 'Sample Title', 6, 'Others', '2017-07-19', '2018-04-19');

-- ADMINISTRATIVE WORK
INSERT INTO adminWork (id, position, officeUnit, approvedUnits) VALUES (1, 'Administrative Aide', 'Institute of Computer Science', 6);
INSERT INTO adminWork (id, position, officeUnit, approvedUnits) VALUES (2, 'Administrative Aide', 'Institute of Computer Science', 5);
INSERT INTO adminWork (id, position, officeUnit, approvedUnits) VALUES (3, 'Administrative Aide', 'Institute of Computer Science', 2);
INSERT INTO adminWork (id, position, officeUnit, approvedUnits) VALUES (4, 'Administrative Aide', 'Institute of Computer Science', 6);
INSERT INTO adminWork (id, position, officeUnit, approvedUnits) VALUES (5, 'Administrative Support', 'Institute of Computer Science', 3);
INSERT INTO adminWork (id, position, officeUnit, approvedUnits) VALUES (6, 'Administrative Support', 'Institute of Computer Science', 6);
INSERT INTO adminWork (id, position, officeUnit, approvedUnits) VALUES (7, 'Administrative Assistant', 'Institute of Computer Science', 5);
INSERT INTO adminWork (id, position, officeUnit, approvedUnits) VALUES (8, 'Administrative Assistant', 'Institute of Computer Science', 4);
INSERT INTO adminWork (id, position, officeUnit, approvedUnits) VALUES (9, 'Administrative Officer', 'Institute of Computer Science', 3);
INSERT INTO adminWork (id, position, officeUnit, approvedUnits) VALUES (10, 'Administrative Aide', 'Institute of Computer Science', 6);
INSERT INTO adminWork (id, position, officeUnit, approvedUnits) VALUES (11, 'Administrative Officer', 'Institute of Computer Science', 4);
INSERT INTO adminWork (id, position, officeUnit, approvedUnits) VALUES (12, 'Administrative Assistant', 'Institute of Computer Science', 5);
INSERT INTO adminWork (id, position, officeUnit, approvedUnits) VALUES (13, 'Administrative Support', 'Institute of Computer Science', 5);
INSERT INTO adminWork (id, position, officeUnit, approvedUnits) VALUES (14, 'Administrative Aide', 'Institute of Computer Science', 2);
INSERT INTO adminWork (id, position, officeUnit, approvedUnits) VALUES (15, 'Administrative Assistant', 'Institute of Computer Science', 2);
INSERT INTO adminWork (id, position, officeUnit, approvedUnits) VALUES (16, 'Administrative Assistant', 'Institute of Computer Science', 4);
INSERT INTO adminWork (id, position, officeUnit, approvedUnits) VALUES (17, 'Administrative Assistant', 'Institute of Computer Science', 6);
INSERT INTO adminWork (id, position, officeUnit, approvedUnits) VALUES (18, 'Administrative Aide', 'Institute of Computer Science', 6);
INSERT INTO adminWork (id, position, officeUnit, approvedUnits) VALUES (19, 'Administrative Aide', 'Institute of Computer Science', 3);
INSERT INTO adminWork (id, position, officeUnit, approvedUnits) VALUES (20, 'Administrative Aide', 'Institute of Computer Science', 5);
INSERT INTO adminWork (id, position, officeUnit, approvedUnits) VALUES (21, 'Administrative Officer', 'Institute of Computer Science', 2);
INSERT INTO adminWork (id, position, officeUnit, approvedUnits) VALUES (22, 'Administrative Aide', 'Institute of Computer Science', 4);
INSERT INTO adminWork (id, position, officeUnit, approvedUnits) VALUES (23, 'Administrative Support', 'Institute of Computer Science', 6);
INSERT INTO adminWork (id, position, officeUnit, approvedUnits) VALUES (24, 'Administrative Aide', 'Institute of Computer Science', 3);
INSERT INTO adminWork (id, position, officeUnit, approvedUnits) VALUES (25, 'Administrative Aide', 'Institute of Computer Science', 6);
INSERT INTO adminWork (id, position, officeUnit, approvedUnits) VALUES (26, 'Administrative Support', 'Institute of Computer Science', 2);
INSERT INTO adminWork (id, position, officeUnit, approvedUnits) VALUES (27, 'Administrative Aide', 'Institute of Computer Science', 4);
INSERT INTO adminWork (id, position, officeUnit, approvedUnits) VALUES (28, 'Administrative Officer', 'Institute of Computer Science', 4);
INSERT INTO adminWork (id, position, officeUnit, approvedUnits) VALUES (29, 'Administrative Assistant', 'Institute of Computer Science', 4);
INSERT INTO adminWork (id, position, officeUnit, approvedUnits) VALUES (30, 'Administrative Officer', 'Institute of Computer Science', 6);
INSERT INTO adminWork (id, position, officeUnit, approvedUnits) VALUES (31, 'Administrative Aide', 'Institute of Computer Science', 4);
INSERT INTO adminWork (id, position, officeUnit, approvedUnits) VALUES (32, 'Administrative Support', 'Institute of Computer Science', 2);
INSERT INTO adminWork (id, position, officeUnit, approvedUnits) VALUES (33, 'Administrative Support', 'Institute of Computer Science', 5);
INSERT INTO adminWork (id, position, officeUnit, approvedUnits) VALUES (34, 'Administrative Aide', 'Institute of Computer Science', 3);
INSERT INTO adminWork (id, position, officeUnit, approvedUnits) VALUES (35, 'Administrative Officer', 'Institute of Computer Science', 2);
INSERT INTO adminWork (id, position, officeUnit, approvedUnits) VALUES (36, 'Administrative Officer', 'Institute of Computer Science', 4);
INSERT INTO adminWork (id, position, officeUnit, approvedUnits) VALUES (37, 'Administrative Aide', 'Institute of Computer Science', 6);
INSERT INTO adminWork (id, position, officeUnit, approvedUnits) VALUES (38, 'Administrative Assistant', 'Institute of Computer Science', 3);
INSERT INTO adminWork (id, position, officeUnit, approvedUnits) VALUES (39, 'Administrative Aide', 'Institute of Computer Science', 5);
INSERT INTO adminWork (id, position, officeUnit, approvedUnits) VALUES (40, 'Administrative Aide', 'Institute of Computer Science', 4);
INSERT INTO adminWork (id, position, officeUnit, approvedUnits) VALUES (41, 'Administrative Aide', 'Institute of Computer Science', 4);
INSERT INTO adminWork (id, position, officeUnit, approvedUnits) VALUES (42, 'Administrative Assistant', 'Institute of Computer Science', 4);
INSERT INTO adminWork (id, position, officeUnit, approvedUnits) VALUES (43, 'Administrative Assistant', 'Institute of Computer Science', 4);
INSERT INTO adminWork (id, position, officeUnit, approvedUnits) VALUES (44, 'Administrative Support', 'Institute of Computer Science', 5);
INSERT INTO adminWork (id, position, officeUnit, approvedUnits) VALUES (45, 'Administrative Officer', 'Institute of Computer Science', 6);
INSERT INTO adminWork (id, position, officeUnit, approvedUnits) VALUES (46, 'Administrative Support', 'Institute of Computer Science', 6);
INSERT INTO adminWork (id, position, officeUnit, approvedUnits) VALUES (47, 'Administrative Support', 'Institute of Computer Science', 5);
INSERT INTO adminWork (id, position, officeUnit, approvedUnits) VALUES (48, 'Administrative Assistant', 'Institute of Computer Science', 5);
INSERT INTO adminWork (id, position, officeUnit, approvedUnits) VALUES (49, 'Administrative Officer', 'Institute of Computer Science', 3);
INSERT INTO adminWork (id, position, officeUnit, approvedUnits) VALUES (50, 'Administrative Assistant', 'Institute of Computer Science', 2);
INSERT INTO adminWork (id, position, officeUnit, approvedUnits) VALUES (51, 'Administrative Assistant', 'Institute of Computer Science', 2);
INSERT INTO adminWork (id, position, officeUnit, approvedUnits) VALUES (52, 'Administrative Assistant', 'Institute of Computer Science', 2);
INSERT INTO adminWork (id, position, officeUnit, approvedUnits) VALUES (53, 'Administrative Aide', 'Institute of Computer Science', 4);
INSERT INTO adminWork (id, position, officeUnit, approvedUnits) VALUES (54, 'Administrative Aide', 'Institute of Computer Science', 5);
INSERT INTO adminWork (id, position, officeUnit, approvedUnits) VALUES (55, 'Administrative Aide', 'Institute of Computer Science', 4);
INSERT INTO adminWork (id, position, officeUnit, approvedUnits) VALUES (56, 'Administrative Officer', 'Institute of Computer Science', 3);
INSERT INTO adminWork (id, position, officeUnit, approvedUnits) VALUES (57, 'Administrative Officer', 'Institute of Computer Science', 3);
INSERT INTO adminWork (id, position, officeUnit, approvedUnits) VALUES (58, 'Administrative Support', 'Institute of Computer Science', 5);
INSERT INTO adminWork (id, position, officeUnit, approvedUnits) VALUES (59, 'Administrative Assistant', 'Institute of Computer Science', 5);
INSERT INTO adminWork (id, position, officeUnit, approvedUnits) VALUES (60, 'Administrative Officer', 'Institute of Computer Science', 3);
INSERT INTO adminWork (id, position, officeUnit, approvedUnits) VALUES (61, 'Administrative Support', 'Institute of Computer Science', 3);
INSERT INTO adminWork (id, position, officeUnit, approvedUnits) VALUES (62, 'Administrative Support', 'Institute of Computer Science', 3);
INSERT INTO adminWork (id, position, officeUnit, approvedUnits) VALUES (63, 'Administrative Aide', 'Institute of Computer Science', 4);
INSERT INTO adminWork (id, position, officeUnit, approvedUnits) VALUES (64, 'Administrative Aide', 'Institute of Computer Science', 4);
INSERT INTO adminWork (id, position, officeUnit, approvedUnits) VALUES (65, 'Administrative Support', 'Institute of Computer Science', 3);
INSERT INTO adminWork (id, position, officeUnit, approvedUnits) VALUES (66, 'Administrative Assistant', 'Institute of Computer Science', 3);
INSERT INTO adminWork (id, position, officeUnit, approvedUnits) VALUES (67, 'Administrative Officer', 'Institute of Computer Science', 5);
INSERT INTO adminWork (id, position, officeUnit, approvedUnits) VALUES (68, 'Administrative Aide', 'Institute of Computer Science', 5);
INSERT INTO adminWork (id, position, officeUnit, approvedUnits) VALUES (69, 'Administrative Aide', 'Institute of Computer Science', 6);
INSERT INTO adminWork (id, position, officeUnit, approvedUnits) VALUES (70, 'Administrative Aide', 'Institute of Computer Science', 6);
INSERT INTO adminWork (id, position, officeUnit, approvedUnits) VALUES (71, 'Administrative Assistant', 'Institute of Computer Science', 6);
INSERT INTO adminWork (id, position, officeUnit, approvedUnits) VALUES (72, 'Administrative Officer', 'Institute of Computer Science', 4);
INSERT INTO adminWork (id, position, officeUnit, approvedUnits) VALUES (73, 'Administrative Aide', 'Institute of Computer Science', 6);
INSERT INTO adminWork (id, position, officeUnit, approvedUnits) VALUES (74, 'Administrative Assistant', 'Institute of Computer Science', 5);
INSERT INTO adminWork (id, position, officeUnit, approvedUnits) VALUES (75, 'Administrative Assistant', 'Institute of Computer Science', 3);
INSERT INTO adminWork (id, position, officeUnit, approvedUnits) VALUES (76, 'Administrative Support', 'Institute of Computer Science', 2);
INSERT INTO adminWork (id, position, officeUnit, approvedUnits) VALUES (77, 'Administrative Officer', 'Institute of Computer Science', 2);
INSERT INTO adminWork (id, position, officeUnit, approvedUnits) VALUES (78, 'Administrative Officer', 'Institute of Computer Science', 2);
INSERT INTO adminWork (id, position, officeUnit, approvedUnits) VALUES (79, 'Administrative Aide', 'Institute of Computer Science', 3);
INSERT INTO adminWork (id, position, officeUnit, approvedUnits) VALUES (80, 'Administrative Officer', 'Institute of Computer Science', 3);
INSERT INTO adminWork (id, position, officeUnit, approvedUnits) VALUES (81, 'Administrative Assistant', 'Institute of Computer Science', 5);
INSERT INTO adminWork (id, position, officeUnit, approvedUnits) VALUES (82, 'Administrative Officer', 'Institute of Computer Science', 5);
INSERT INTO adminWork (id, position, officeUnit, approvedUnits) VALUES (83, 'Administrative Assistant', 'Institute of Computer Science', 5);
INSERT INTO adminWork (id, position, officeUnit, approvedUnits) VALUES (84, 'Administrative Assistant', 'Institute of Computer Science', 4);
INSERT INTO adminWork (id, position, officeUnit, approvedUnits) VALUES (85, 'Administrative Officer', 'Institute of Computer Science', 2);
INSERT INTO adminWork (id, position, officeUnit, approvedUnits) VALUES (86, 'Administrative Assistant', 'Institute of Computer Science', 6);
INSERT INTO adminWork (id, position, officeUnit, approvedUnits) VALUES (87, 'Administrative Support', 'Institute of Computer Science', 5);
INSERT INTO adminWork (id, position, officeUnit, approvedUnits) VALUES (88, 'Administrative Assistant', 'Institute of Computer Science', 2);
INSERT INTO adminWork (id, position, officeUnit, approvedUnits) VALUES (89, 'Administrative Aide', 'Institute of Computer Science', 5);
INSERT INTO adminWork (id, position, officeUnit, approvedUnits) VALUES (90, 'Administrative Officer', 'Institute of Computer Science', 5);

-- CREATIVE WORK
INSERT INTO creativeWork (id, date, title, type, credUnit) VALUES (1, '2017-10-14', 'Sample Title', 'Others', 6);
INSERT INTO creativeWork (id, date, title, type, credUnit) VALUES (2, '2017-10-31', 'Sample Title', 'ChapterInABook', 4);
INSERT INTO creativeWork (id, date, title, type, credUnit) VALUES (3, '2018-02-19', 'Sample Title', 'Book', 2);
INSERT INTO creativeWork (id, date, title, type, credUnit) VALUES (4, '2017-07-09', 'Sample Title', 'Monograph', 2);
INSERT INTO creativeWork (id, date, title, type, credUnit) VALUES (5, '2018-05-14', 'Sample Title', 'Article', 4);
INSERT INTO creativeWork (id, date, title, type, credUnit) VALUES (6, '2017-10-10', 'Sample Title', 'Article', 4);
INSERT INTO creativeWork (id, date, title, type, credUnit) VALUES (7, '2018-05-17', 'Sample Title', 'Article', 3);
INSERT INTO creativeWork (id, date, title, type, credUnit) VALUES (8, '2018-04-06', 'Sample Title', 'Article', 3);
INSERT INTO creativeWork (id, date, title, type, credUnit) VALUES (9, '2017-12-09', 'Sample Title', 'Others', 6);
INSERT INTO creativeWork (id, date, title, type, credUnit) VALUES (10, '2017-07-29', 'Sample Title', 'Monograph', 5);
INSERT INTO creativeWork (id, date, title, type, credUnit) VALUES (11, '2017-12-24', 'Sample Title', 'Article', 2);
INSERT INTO creativeWork (id, date, title, type, credUnit) VALUES (12, '2018-03-12', 'Sample Title', 'ChapterInABook', 4);
INSERT INTO creativeWork (id, date, title, type, credUnit) VALUES (13, '2017-08-21', 'Sample Title', 'Monograph', 2);
INSERT INTO creativeWork (id, date, title, type, credUnit) VALUES (14, '2018-01-22', 'Sample Title', 'Others', 2);
INSERT INTO creativeWork (id, date, title, type, credUnit) VALUES (15, '2017-07-27', 'Sample Title', 'ChapterInABook', 6);
INSERT INTO creativeWork (id, date, title, type, credUnit) VALUES (16, '2018-04-14', 'Sample Title', 'ChapterInABook', 6);
INSERT INTO creativeWork (id, date, title, type, credUnit) VALUES (17, '2017-04-09', 'Sample Title', 'ChapterInABook', 4);
INSERT INTO creativeWork (id, date, title, type, credUnit) VALUES (18, '2017-02-13', 'Sample Title', 'Article', 3);
INSERT INTO creativeWork (id, date, title, type, credUnit) VALUES (19, '2017-03-22', 'Sample Title', 'Article', 5);
INSERT INTO creativeWork (id, date, title, type, credUnit) VALUES (20, '2018-02-15', 'Sample Title', 'Article', 4);
INSERT INTO creativeWork (id, date, title, type, credUnit) VALUES (21, '2017-05-23', 'Sample Title', 'Others', 4);
INSERT INTO creativeWork (id, date, title, type, credUnit) VALUES (22, '2017-04-25', 'Sample Title', 'Article', 2);
INSERT INTO creativeWork (id, date, title, type, credUnit) VALUES (23, '2017-08-06', 'Sample Title', 'ChapterInABook', 3);
INSERT INTO creativeWork (id, date, title, type, credUnit) VALUES (24, '2017-02-23', 'Sample Title', 'Others', 5);
INSERT INTO creativeWork (id, date, title, type, credUnit) VALUES (25, '2018-04-01', 'Sample Title', 'ChapterInABook', 5);
INSERT INTO creativeWork (id, date, title, type, credUnit) VALUES (26, '2017-07-24', 'Sample Title', 'ChapterInABook', 5);
INSERT INTO creativeWork (id, date, title, type, credUnit) VALUES (27, '2018-04-06', 'Sample Title', 'Others', 2);
INSERT INTO creativeWork (id, date, title, type, credUnit) VALUES (28, '2017-09-17', 'Sample Title', 'Others', 2);
INSERT INTO creativeWork (id, date, title, type, credUnit) VALUES (29, '2018-04-12', 'Sample Title', 'ChapterInABook', 5);
INSERT INTO creativeWork (id, date, title, type, credUnit) VALUES (30, '2017-08-02', 'Sample Title', 'Monograph', 6);
INSERT INTO creativeWork (id, date, title, type, credUnit) VALUES (31, '2017-08-14', 'Sample Title', 'ChapterInABook', 3);
INSERT INTO creativeWork (id, date, title, type, credUnit) VALUES (32, '2017-03-11', 'Sample Title', 'ChapterInABook', 3);
INSERT INTO creativeWork (id, date, title, type, credUnit) VALUES (33, '2017-03-28', 'Sample Title', 'Monograph', 4);
INSERT INTO creativeWork (id, date, title, type, credUnit) VALUES (34, '2017-05-14', 'Sample Title', 'Article', 4);
INSERT INTO creativeWork (id, date, title, type, credUnit) VALUES (35, '2017-07-13', 'Sample Title', 'Others', 2);
INSERT INTO creativeWork (id, date, title, type, credUnit) VALUES (36, '2017-11-09', 'Sample Title', 'Others', 6);
INSERT INTO creativeWork (id, date, title, type, credUnit) VALUES (37, '2017-12-21', 'Sample Title', 'Book', 5);
INSERT INTO creativeWork (id, date, title, type, credUnit) VALUES (38, '2017-09-14', 'Sample Title', 'Article', 2);
INSERT INTO creativeWork (id, date, title, type, credUnit) VALUES (39, '2017-08-19', 'Sample Title', 'Book', 3);
INSERT INTO creativeWork (id, date, title, type, credUnit) VALUES (40, '2017-07-19', 'Sample Title', 'Monograph', 2);
INSERT INTO creativeWork (id, date, title, type, credUnit) VALUES (41, '2018-02-08', 'Sample Title', 'Article', 2);
INSERT INTO creativeWork (id, date, title, type, credUnit) VALUES (42, '2017-06-12', 'Sample Title', 'Others', 3);
INSERT INTO creativeWork (id, date, title, type, credUnit) VALUES (43, '2017-08-22', 'Sample Title', 'Book', 3);
INSERT INTO creativeWork (id, date, title, type, credUnit) VALUES (44, '2018-04-26', 'Sample Title', 'ChapterInABook', 3);
INSERT INTO creativeWork (id, date, title, type, credUnit) VALUES (45, '2017-01-25', 'Sample Title', 'Monograph', 6);
INSERT INTO creativeWork (id, date, title, type, credUnit) VALUES (46, '2017-10-21', 'Sample Title', 'ChapterInABook', 4);
INSERT INTO creativeWork (id, date, title, type, credUnit) VALUES (47, '2017-06-06', 'Sample Title', 'Others', 6);
INSERT INTO creativeWork (id, date, title, type, credUnit) VALUES (48, '2017-01-21', 'Sample Title', 'Article', 4);
INSERT INTO creativeWork (id, date, title, type, credUnit) VALUES (49, '2017-03-16', 'Sample Title', 'Monograph', 5);
INSERT INTO creativeWork (id, date, title, type, credUnit) VALUES (50, '2017-04-16', 'Sample Title', 'Article', 6);
INSERT INTO creativeWork (id, date, title, type, credUnit) VALUES (51, '2017-03-13', 'Sample Title', 'Book', 5);
INSERT INTO creativeWork (id, date, title, type, credUnit) VALUES (52, '2017-02-11', 'Sample Title', 'Monograph', 6);
INSERT INTO creativeWork (id, date, title, type, credUnit) VALUES (53, '2017-03-21', 'Sample Title', 'Book', 6);
INSERT INTO creativeWork (id, date, title, type, credUnit) VALUES (54, '2017-07-28', 'Sample Title', 'Book', 3);
INSERT INTO creativeWork (id, date, title, type, credUnit) VALUES (55, '2017-07-11', 'Sample Title', 'Monograph', 4);
INSERT INTO creativeWork (id, date, title, type, credUnit) VALUES (56, '2017-12-23', 'Sample Title', 'Others', 4);
INSERT INTO creativeWork (id, date, title, type, credUnit) VALUES (57, '2017-04-18', 'Sample Title', 'Monograph', 6);
INSERT INTO creativeWork (id, date, title, type, credUnit) VALUES (58, '2017-03-15', 'Sample Title', 'Book', 5);
INSERT INTO creativeWork (id, date, title, type, credUnit) VALUES (59, '2017-01-24', 'Sample Title', 'Book', 3);
INSERT INTO creativeWork (id, date, title, type, credUnit) VALUES (60, '2017-08-17', 'Sample Title', 'Article', 2);
INSERT INTO creativeWork (id, date, title, type, credUnit) VALUES (61, '2017-06-13', 'Sample Title', 'Others', 4);
INSERT INTO creativeWork (id, date, title, type, credUnit) VALUES (62, '2017-06-27', 'Sample Title', 'ChapterInABook', 5);
INSERT INTO creativeWork (id, date, title, type, credUnit) VALUES (63, '2017-02-22', 'Sample Title', 'ChapterInABook', 6);
INSERT INTO creativeWork (id, date, title, type, credUnit) VALUES (64, '2018-05-20', 'Sample Title', 'ChapterInABook', 3);
INSERT INTO creativeWork (id, date, title, type, credUnit) VALUES (65, '2017-03-13', 'Sample Title', 'Monograph', 3);
INSERT INTO creativeWork (id, date, title, type, credUnit) VALUES (66, '2017-09-30', 'Sample Title', 'Book', 3);
INSERT INTO creativeWork (id, date, title, type, credUnit) VALUES (67, '2017-07-01', 'Sample Title', 'ChapterInABook', 3);
INSERT INTO creativeWork (id, date, title, type, credUnit) VALUES (68, '2017-11-15', 'Sample Title', 'ChapterInABook', 4);
INSERT INTO creativeWork (id, date, title, type, credUnit) VALUES (69, '2018-04-17', 'Sample Title', 'Monograph', 6);
INSERT INTO creativeWork (id, date, title, type, credUnit) VALUES (70, '2017-05-21', 'Sample Title', 'ChapterInABook', 4);
INSERT INTO creativeWork (id, date, title, type, credUnit) VALUES (71, '2017-03-05', 'Sample Title', 'Article', 3);
INSERT INTO creativeWork (id, date, title, type, credUnit) VALUES (72, '2018-04-24', 'Sample Title', 'Article', 6);
INSERT INTO creativeWork (id, date, title, type, credUnit) VALUES (73, '2018-01-06', 'Sample Title', 'Monograph', 2);
INSERT INTO creativeWork (id, date, title, type, credUnit) VALUES (74, '2017-05-10', 'Sample Title', 'Article', 5);
INSERT INTO creativeWork (id, date, title, type, credUnit) VALUES (75, '2017-12-29', 'Sample Title', 'Book', 2);
INSERT INTO creativeWork (id, date, title, type, credUnit) VALUES (76, '2018-05-24', 'Sample Title', 'Monograph', 3);
INSERT INTO creativeWork (id, date, title, type, credUnit) VALUES (77, '2017-09-26', 'Sample Title', 'Others', 5);
INSERT INTO creativeWork (id, date, title, type, credUnit) VALUES (78, '2017-05-04', 'Sample Title', 'Monograph', 2);
INSERT INTO creativeWork (id, date, title, type, credUnit) VALUES (79, '2017-01-23', 'Sample Title', 'ChapterInABook', 6);
INSERT INTO creativeWork (id, date, title, type, credUnit) VALUES (80, '2017-04-01', 'Sample Title', 'ChapterInABook', 6);
INSERT INTO creativeWork (id, date, title, type, credUnit) VALUES (81, '2017-05-02', 'Sample Title', 'Monograph', 2);
INSERT INTO creativeWork (id, date, title, type, credUnit) VALUES (82, '2017-05-25', 'Sample Title', 'Article', 6);
INSERT INTO creativeWork (id, date, title, type, credUnit) VALUES (83, '2018-02-08', 'Sample Title', 'Book', 4);
INSERT INTO creativeWork (id, date, title, type, credUnit) VALUES (84, '2017-02-27', 'Sample Title', 'Others', 4);
INSERT INTO creativeWork (id, date, title, type, credUnit) VALUES (85, '2017-07-03', 'Sample Title', 'Article', 5);
INSERT INTO creativeWork (id, date, title, type, credUnit) VALUES (86, '2017-05-04', 'Sample Title', 'Article', 6);
INSERT INTO creativeWork (id, date, title, type, credUnit) VALUES (87, '2017-08-18', 'Sample Title', 'Book', 2);
INSERT INTO creativeWork (id, date, title, type, credUnit) VALUES (88, '2018-02-28', 'Sample Title', 'Book', 4);
INSERT INTO creativeWork (id, date, title, type, credUnit) VALUES (89, '2018-01-18', 'Sample Title', 'Book', 3);
INSERT INTO creativeWork (id, date, title, type, credUnit) VALUES (90, '2017-09-03', 'Sample Title', 'ChapterInABook', 5);

-- CREATIVE WORK CO-AUTHOR
INSERT INTO cworkCoAuthor (creativeWorkID, userID) VALUES (90, 23);
INSERT INTO cworkCoAuthor (creativeWorkID, userID) VALUES (25, 12);
INSERT INTO cworkCoAuthor (creativeWorkID, userID) VALUES (28, 20);
INSERT INTO cworkCoAuthor (creativeWorkID, userID) VALUES (79, 30);
INSERT INTO cworkCoAuthor (creativeWorkID, userID) VALUES (77, 24);
INSERT INTO cworkCoAuthor (creativeWorkID, userID) VALUES (27, 24);
INSERT INTO cworkCoAuthor (creativeWorkID, userID) VALUES (6, 16);
INSERT INTO cworkCoAuthor (creativeWorkID, userID) VALUES (21, 1);
INSERT INTO cworkCoAuthor (creativeWorkID, userID) VALUES (72, 25);
INSERT INTO cworkCoAuthor (creativeWorkID, userID) VALUES (45, 24);
INSERT INTO cworkCoAuthor (creativeWorkID, userID) VALUES (46, 1);
INSERT INTO cworkCoAuthor (creativeWorkID, userID) VALUES (28, 9);
INSERT INTO cworkCoAuthor (creativeWorkID, userID) VALUES (38, 28);
INSERT INTO cworkCoAuthor (creativeWorkID, userID) VALUES (90, 30);
INSERT INTO cworkCoAuthor (creativeWorkID, userID) VALUES (65, 2);
INSERT INTO cworkCoAuthor (creativeWorkID, userID) VALUES (52, 22);
INSERT INTO cworkCoAuthor (creativeWorkID, userID) VALUES (78, 9);
INSERT INTO cworkCoAuthor (creativeWorkID, userID) VALUES (11, 18);
INSERT INTO cworkCoAuthor (creativeWorkID, userID) VALUES (30, 20);
INSERT INTO cworkCoAuthor (creativeWorkID, userID) VALUES (8, 6);
INSERT INTO cworkCoAuthor (creativeWorkID, userID) VALUES (57, 16);
INSERT INTO cworkCoAuthor (creativeWorkID, userID) VALUES (48, 24);
INSERT INTO cworkCoAuthor (creativeWorkID, userID) VALUES (83, 3);
INSERT INTO cworkCoAuthor (creativeWorkID, userID) VALUES (8, 11);
INSERT INTO cworkCoAuthor (creativeWorkID, userID) VALUES (84, 17);
INSERT INTO cworkCoAuthor (creativeWorkID, userID) VALUES (80, 14);
INSERT INTO cworkCoAuthor (creativeWorkID, userID) VALUES (45, 23);
INSERT INTO cworkCoAuthor (creativeWorkID, userID) VALUES (44, 8);
INSERT INTO cworkCoAuthor (creativeWorkID, userID) VALUES (85, 29);
INSERT INTO cworkCoAuthor (creativeWorkID, userID) VALUES (82, 4);
INSERT INTO cworkCoAuthor (creativeWorkID, userID) VALUES (5, 7);
INSERT INTO cworkCoAuthor (creativeWorkID, userID) VALUES (50, 14);
INSERT INTO cworkCoAuthor (creativeWorkID, userID) VALUES (50, 26);
INSERT INTO cworkCoAuthor (creativeWorkID, userID) VALUES (83, 29);
INSERT INTO cworkCoAuthor (creativeWorkID, userID) VALUES (58, 5);
INSERT INTO cworkCoAuthor (creativeWorkID, userID) VALUES (16, 18);
INSERT INTO cworkCoAuthor (creativeWorkID, userID) VALUES (83, 2);
INSERT INTO cworkCoAuthor (creativeWorkID, userID) VALUES (73, 13);
INSERT INTO cworkCoAuthor (creativeWorkID, userID) VALUES (61, 8);
INSERT INTO cworkCoAuthor (creativeWorkID, userID) VALUES (82, 4);
INSERT INTO cworkCoAuthor (creativeWorkID, userID) VALUES (6, 11);
INSERT INTO cworkCoAuthor (creativeWorkID, userID) VALUES (46, 2);
INSERT INTO cworkCoAuthor (creativeWorkID, userID) VALUES (79, 25);
INSERT INTO cworkCoAuthor (creativeWorkID, userID) VALUES (13, 30);
INSERT INTO cworkCoAuthor (creativeWorkID, userID) VALUES (18, 3);
INSERT INTO cworkCoAuthor (creativeWorkID, userID) VALUES (35, 24);
INSERT INTO cworkCoAuthor (creativeWorkID, userID) VALUES (8, 6);
INSERT INTO cworkCoAuthor (creativeWorkID, userID) VALUES (6, 10);
INSERT INTO cworkCoAuthor (creativeWorkID, userID) VALUES (4, 7);
INSERT INTO cworkCoAuthor (creativeWorkID, userID) VALUES (40, 23);
INSERT INTO cworkCoAuthor (creativeWorkID, userID) VALUES (36, 28);
INSERT INTO cworkCoAuthor (creativeWorkID, userID) VALUES (81, 17);
INSERT INTO cworkCoAuthor (creativeWorkID, userID) VALUES (90, 6);
INSERT INTO cworkCoAuthor (creativeWorkID, userID) VALUES (19, 25);
INSERT INTO cworkCoAuthor (creativeWorkID, userID) VALUES (71, 24);
INSERT INTO cworkCoAuthor (creativeWorkID, userID) VALUES (23, 24);
INSERT INTO cworkCoAuthor (creativeWorkID, userID) VALUES (6, 5);
INSERT INTO cworkCoAuthor (creativeWorkID, userID) VALUES (50, 17);
INSERT INTO cworkCoAuthor (creativeWorkID, userID) VALUES (81, 18);
INSERT INTO cworkCoAuthor (creativeWorkID, userID) VALUES (50, 4);
INSERT INTO cworkCoAuthor (creativeWorkID, userID) VALUES (66, 19);
INSERT INTO cworkCoAuthor (creativeWorkID, userID) VALUES (22, 14);
INSERT INTO cworkCoAuthor (creativeWorkID, userID) VALUES (6, 22);
INSERT INTO cworkCoAuthor (creativeWorkID, userID) VALUES (29, 24);
INSERT INTO cworkCoAuthor (creativeWorkID, userID) VALUES (88, 13);
INSERT INTO cworkCoAuthor (creativeWorkID, userID) VALUES (55, 27);
INSERT INTO cworkCoAuthor (creativeWorkID, userID) VALUES (21, 2);
INSERT INTO cworkCoAuthor (creativeWorkID, userID) VALUES (81, 17);
INSERT INTO cworkCoAuthor (creativeWorkID, userID) VALUES (25, 25);
INSERT INTO cworkCoAuthor (creativeWorkID, userID) VALUES (40, 21);
INSERT INTO cworkCoAuthor (creativeWorkID, userID) VALUES (69, 18);
INSERT INTO cworkCoAuthor (creativeWorkID, userID) VALUES (90, 25);
INSERT INTO cworkCoAuthor (creativeWorkID, userID) VALUES (44, 25);
INSERT INTO cworkCoAuthor (creativeWorkID, userID) VALUES (5, 2);
INSERT INTO cworkCoAuthor (creativeWorkID, userID) VALUES (25, 1);
INSERT INTO cworkCoAuthor (creativeWorkID, userID) VALUES (67, 15);
INSERT INTO cworkCoAuthor (creativeWorkID, userID) VALUES (83, 7);
INSERT INTO cworkCoAuthor (creativeWorkID, userID) VALUES (21, 18);
INSERT INTO cworkCoAuthor (creativeWorkID, userID) VALUES (39, 4);
INSERT INTO cworkCoAuthor (creativeWorkID, userID) VALUES (85, 26);
INSERT INTO cworkCoAuthor (creativeWorkID, userID) VALUES (13, 18);
INSERT INTO cworkCoAuthor (creativeWorkID, userID) VALUES (65, 14);
INSERT INTO cworkCoAuthor (creativeWorkID, userID) VALUES (88, 7);
INSERT INTO cworkCoAuthor (creativeWorkID, userID) VALUES (9, 18);
INSERT INTO cworkCoAuthor (creativeWorkID, userID) VALUES (90, 21);
INSERT INTO cworkCoAuthor (creativeWorkID, userID) VALUES (14, 29);
INSERT INTO cworkCoAuthor (creativeWorkID, userID) VALUES (62, 10);
INSERT INTO cworkCoAuthor (creativeWorkID, userID) VALUES (53, 30);
INSERT INTO cworkCoAuthor (creativeWorkID, userID) VALUES (2, 19);
INSERT INTO cworkCoAuthor (creativeWorkID, userID) VALUES (64, 2);
INSERT INTO cworkCoAuthor (creativeWorkID, userID) VALUES (54, 29);
INSERT INTO cworkCoAuthor (creativeWorkID, userID) VALUES (27, 18);
INSERT INTO cworkCoAuthor (creativeWorkID, userID) VALUES (21, 8);
INSERT INTO cworkCoAuthor (creativeWorkID, userID) VALUES (19, 29);
INSERT INTO cworkCoAuthor (creativeWorkID, userID) VALUES (42, 9);
INSERT INTO cworkCoAuthor (creativeWorkID, userID) VALUES (32, 16);
INSERT INTO cworkCoAuthor (creativeWorkID, userID) VALUES (71, 22);
INSERT INTO cworkCoAuthor (creativeWorkID, userID) VALUES (29, 24);
INSERT INTO cworkCoAuthor (creativeWorkID, userID) VALUES (37, 6);
INSERT INTO cworkCoAuthor (creativeWorkID, userID) VALUES (43, 5);
INSERT INTO cworkCoAuthor (creativeWorkID, userID) VALUES (35, 11);
INSERT INTO cworkCoAuthor (creativeWorkID, userID) VALUES (90, 20);
INSERT INTO cworkCoAuthor (creativeWorkID, userID) VALUES (39, 10);
INSERT INTO cworkCoAuthor (creativeWorkID, userID) VALUES (1, 8);
INSERT INTO cworkCoAuthor (creativeWorkID, userID) VALUES (70, 8);
INSERT INTO cworkCoAuthor (creativeWorkID, userID) VALUES (50, 21);
INSERT INTO cworkCoAuthor (creativeWorkID, userID) VALUES (69, 16);
INSERT INTO cworkCoAuthor (creativeWorkID, userID) VALUES (88, 23);
INSERT INTO cworkCoAuthor (creativeWorkID, userID) VALUES (43, 23);
INSERT INTO cworkCoAuthor (creativeWorkID, userID) VALUES (21, 26);
INSERT INTO cworkCoAuthor (creativeWorkID, userID) VALUES (54, 6);
INSERT INTO cworkCoAuthor (creativeWorkID, userID) VALUES (44, 12);
INSERT INTO cworkCoAuthor (creativeWorkID, userID) VALUES (86, 17);
INSERT INTO cworkCoAuthor (creativeWorkID, userID) VALUES (40, 29);
INSERT INTO cworkCoAuthor (creativeWorkID, userID) VALUES (42, 27);
INSERT INTO cworkCoAuthor (creativeWorkID, userID) VALUES (68, 12);
INSERT INTO cworkCoAuthor (creativeWorkID, userID) VALUES (53, 15);
INSERT INTO cworkCoAuthor (creativeWorkID, userID) VALUES (86, 19);
INSERT INTO cworkCoAuthor (creativeWorkID, userID) VALUES (47, 4);
INSERT INTO cworkCoAuthor (creativeWorkID, userID) VALUES (74, 16);
INSERT INTO cworkCoAuthor (creativeWorkID, userID) VALUES (69, 2);
INSERT INTO cworkCoAuthor (creativeWorkID, userID) VALUES (47, 3);
INSERT INTO cworkCoAuthor (creativeWorkID, userID) VALUES (3, 17);
INSERT INTO cworkCoAuthor (creativeWorkID, userID) VALUES (29, 12);
INSERT INTO cworkCoAuthor (creativeWorkID, userID) VALUES (72, 6);
INSERT INTO cworkCoAuthor (creativeWorkID, userID) VALUES (1, 25);
INSERT INTO cworkCoAuthor (creativeWorkID, userID) VALUES (71, 3);
INSERT INTO cworkCoAuthor (creativeWorkID, userID) VALUES (15, 15);
INSERT INTO cworkCoAuthor (creativeWorkID, userID) VALUES (76, 21);
INSERT INTO cworkCoAuthor (creativeWorkID, userID) VALUES (7, 6);
INSERT INTO cworkCoAuthor (creativeWorkID, userID) VALUES (16, 18);
INSERT INTO cworkCoAuthor (creativeWorkID, userID) VALUES (12, 11);
INSERT INTO cworkCoAuthor (creativeWorkID, userID) VALUES (44, 3);
INSERT INTO cworkCoAuthor (creativeWorkID, userID) VALUES (12, 4);
INSERT INTO cworkCoAuthor (creativeWorkID, userID) VALUES (49, 21);
INSERT INTO cworkCoAuthor (creativeWorkID, userID) VALUES (45, 5);
INSERT INTO cworkCoAuthor (creativeWorkID, userID) VALUES (83, 28);
INSERT INTO cworkCoAuthor (creativeWorkID, userID) VALUES (15, 1);
INSERT INTO cworkCoAuthor (creativeWorkID, userID) VALUES (18, 21);
INSERT INTO cworkCoAuthor (creativeWorkID, userID) VALUES (9, 15);
INSERT INTO cworkCoAuthor (creativeWorkID, userID) VALUES (88, 8);
INSERT INTO cworkCoAuthor (creativeWorkID, userID) VALUES (86, 23);
INSERT INTO cworkCoAuthor (creativeWorkID, userID) VALUES (17, 15);
INSERT INTO cworkCoAuthor (creativeWorkID, userID) VALUES (43, 11);
INSERT INTO cworkCoAuthor (creativeWorkID, userID) VALUES (47, 23);
INSERT INTO cworkCoAuthor (creativeWorkID, userID) VALUES (13, 1);
INSERT INTO cworkCoAuthor (creativeWorkID, userID) VALUES (58, 24);
INSERT INTO cworkCoAuthor (creativeWorkID, userID) VALUES (90, 20);
INSERT INTO cworkCoAuthor (creativeWorkID, userID) VALUES (64, 8);
INSERT INTO cworkCoAuthor (creativeWorkID, userID) VALUES (70, 16);
INSERT INTO cworkCoAuthor (creativeWorkID, userID) VALUES (20, 18);
INSERT INTO cworkCoAuthor (creativeWorkID, userID) VALUES (39, 30);
INSERT INTO cworkCoAuthor (creativeWorkID, userID) VALUES (32, 8);
INSERT INTO cworkCoAuthor (creativeWorkID, userID) VALUES (85, 1);
INSERT INTO cworkCoAuthor (creativeWorkID, userID) VALUES (36, 25);
INSERT INTO cworkCoAuthor (creativeWorkID, userID) VALUES (46, 16);
INSERT INTO cworkCoAuthor (creativeWorkID, userID) VALUES (24, 29);
INSERT INTO cworkCoAuthor (creativeWorkID, userID) VALUES (74, 24);
INSERT INTO cworkCoAuthor (creativeWorkID, userID) VALUES (4, 18);
INSERT INTO cworkCoAuthor (creativeWorkID, userID) VALUES (51, 15);
INSERT INTO cworkCoAuthor (creativeWorkID, userID) VALUES (18, 22);
INSERT INTO cworkCoAuthor (creativeWorkID, userID) VALUES (49, 6);
INSERT INTO cworkCoAuthor (creativeWorkID, userID) VALUES (4, 24);
INSERT INTO cworkCoAuthor (creativeWorkID, userID) VALUES (8, 7);
INSERT INTO cworkCoAuthor (creativeWorkID, userID) VALUES (29, 25);
INSERT INTO cworkCoAuthor (creativeWorkID, userID) VALUES (72, 16);
INSERT INTO cworkCoAuthor (creativeWorkID, userID) VALUES (47, 4);
INSERT INTO cworkCoAuthor (creativeWorkID, userID) VALUES (2, 11);
INSERT INTO cworkCoAuthor (creativeWorkID, userID) VALUES (76, 26);
INSERT INTO cworkCoAuthor (creativeWorkID, userID) VALUES (69, 30);
INSERT INTO cworkCoAuthor (creativeWorkID, userID) VALUES (57, 3);
INSERT INTO cworkCoAuthor (creativeWorkID, userID) VALUES (3, 4);
INSERT INTO cworkCoAuthor (creativeWorkID, userID) VALUES (1, 22);
INSERT INTO cworkCoAuthor (creativeWorkID, userID) VALUES (17, 2);
INSERT INTO cworkCoAuthor (creativeWorkID, userID) VALUES (35, 23);
INSERT INTO cworkCoAuthor (creativeWorkID, userID) VALUES (45, 7);
INSERT INTO cworkCoAuthor (creativeWorkID, userID) VALUES (51, 26);
INSERT INTO cworkCoAuthor (creativeWorkID, userID) VALUES (81, 18);
INSERT INTO cworkCoAuthor (creativeWorkID, userID) VALUES (53, 29);
INSERT INTO cworkCoAuthor (creativeWorkID, userID) VALUES (38, 29);
INSERT INTO cworkCoAuthor (creativeWorkID, userID) VALUES (87, 14);
INSERT INTO cworkCoAuthor (creativeWorkID, userID) VALUES (56, 9);
INSERT INTO cworkCoAuthor (creativeWorkID, userID) VALUES (74, 7);
INSERT INTO cworkCoAuthor (creativeWorkID, userID) VALUES (32, 25);
INSERT INTO cworkCoAuthor (creativeWorkID, userID) VALUES (43, 13);
INSERT INTO cworkCoAuthor (creativeWorkID, userID) VALUES (41, 18);
INSERT INTO cworkCoAuthor (creativeWorkID, userID) VALUES (68, 19);
INSERT INTO cworkCoAuthor (creativeWorkID, userID) VALUES (34, 5);
INSERT INTO cworkCoAuthor (creativeWorkID, userID) VALUES (19, 15);
INSERT INTO cworkCoAuthor (creativeWorkID, userID) VALUES (75, 10);
INSERT INTO cworkCoAuthor (creativeWorkID, userID) VALUES (75, 7);
INSERT INTO cworkCoAuthor (creativeWorkID, userID) VALUES (77, 15);
INSERT INTO cworkCoAuthor (creativeWorkID, userID) VALUES (54, 26);
INSERT INTO cworkCoAuthor (creativeWorkID, userID) VALUES (41, 22);
INSERT INTO cworkCoAuthor (creativeWorkID, userID) VALUES (8, 15);
INSERT INTO cworkCoAuthor (creativeWorkID, userID) VALUES (88, 22);
INSERT INTO cworkCoAuthor (creativeWorkID, userID) VALUES (18, 12);
INSERT INTO cworkCoAuthor (creativeWorkID, userID) VALUES (66, 19);
INSERT INTO cworkCoAuthor (creativeWorkID, userID) VALUES (14, 6);
INSERT INTO cworkCoAuthor (creativeWorkID, userID) VALUES (68, 7);


-- RESEARCH
INSERT INTO research (id, type, role, title, startDate, funding, approvedUnits) VALUES (1, 'Implementation', 'Sample Role', 'Sample Title', '2017-10-21', 'Sample Funding', 6);
INSERT INTO research (id, type, role, title, startDate, funding, approvedUnits) VALUES (2, 'Implementation', 'Sample Role', 'Sample Title', '2017-05-23', 'Sample Funding', 6);
INSERT INTO research (id, type, role, title, startDate, funding, approvedUnits) VALUES (3, 'Proposal', 'Sample Role', 'Sample Title', '2017-07-06', 'Sample Funding', 6);
INSERT INTO research (id, type, role, title, startDate, funding, approvedUnits) VALUES (4, 'Proposal', 'Sample Role', 'Sample Title', '2017-10-13', 'Sample Funding', 4);
INSERT INTO research (id, type, role, title, startDate, funding, approvedUnits) VALUES (5, 'Proposal', 'Sample Role', 'Sample Title', '2017-03-27', 'Sample Funding', 3);
INSERT INTO research (id, type, role, title, startDate, funding, approvedUnits) VALUES (6, 'Implementation', 'Sample Role', 'Sample Title', '2018-03-04', 'Sample Funding', 3);
INSERT INTO research (id, type, role, title, startDate, funding, approvedUnits) VALUES (7, 'Implementation', 'Sample Role', 'Sample Title', '2018-01-02', 'Sample Funding', 5);
INSERT INTO research (id, type, role, title, startDate, funding, approvedUnits) VALUES (8, 'Implementation', 'Sample Role', 'Sample Title', '2017-03-31', 'Sample Funding', 3);
INSERT INTO research (id, type, role, title, startDate, funding, approvedUnits) VALUES (9, 'Proposal', 'Sample Role', 'Sample Title', '2017-04-19', 'Sample Funding', 5);
INSERT INTO research (id, type, role, title, startDate, funding, approvedUnits) VALUES (10, 'Proposal', 'Sample Role', 'Sample Title', '2017-10-19', 'Sample Funding', 4);
INSERT INTO research (id, type, role, title, startDate, funding, approvedUnits) VALUES (11, 'Proposal', 'Sample Role', 'Sample Title', '2017-11-25', 'Sample Funding', 5);
INSERT INTO research (id, type, role, title, startDate, funding, approvedUnits) VALUES (12, 'Proposal', 'Sample Role', 'Sample Title', '2017-03-31', 'Sample Funding', 6);
INSERT INTO research (id, type, role, title, startDate, funding, approvedUnits) VALUES (13, 'Implementation', 'Sample Role', 'Sample Title', '2017-11-02', 'Sample Funding', 5);
INSERT INTO research (id, type, role, title, startDate, funding, approvedUnits) VALUES (14, 'Implementation', 'Sample Role', 'Sample Title', '2017-09-15', 'Sample Funding', 6);
INSERT INTO research (id, type, role, title, startDate, funding, approvedUnits) VALUES (15, 'Proposal', 'Sample Role', 'Sample Title', '2017-11-17', 'Sample Funding', 4);
INSERT INTO research (id, type, role, title, startDate, funding, approvedUnits) VALUES (16, 'Proposal', 'Sample Role', 'Sample Title', '2018-01-13', 'Sample Funding', 5);
INSERT INTO research (id, type, role, title, startDate, funding, approvedUnits) VALUES (17, 'Proposal', 'Sample Role', 'Sample Title', '2017-10-16', 'Sample Funding', 5);
INSERT INTO research (id, type, role, title, startDate, funding, approvedUnits) VALUES (18, 'Implementation', 'Sample Role', 'Sample Title', '2017-09-20', 'Sample Funding', 5);
INSERT INTO research (id, type, role, title, startDate, funding, approvedUnits) VALUES (19, 'Implementation', 'Sample Role', 'Sample Title', '2017-12-21', 'Sample Funding', 6);
INSERT INTO research (id, type, role, title, startDate, funding, approvedUnits) VALUES (20, 'Implementation', 'Sample Role', 'Sample Title', '2017-04-08', 'Sample Funding', 3);
INSERT INTO research (id, type, role, title, startDate, funding, approvedUnits) VALUES (21, 'Implementation', 'Sample Role', 'Sample Title', '2018-03-07', 'Sample Funding', 6);
INSERT INTO research (id, type, role, title, startDate, funding, approvedUnits) VALUES (22, 'Proposal', 'Sample Role', 'Sample Title', '2017-11-22', 'Sample Funding', 6);
INSERT INTO research (id, type, role, title, startDate, funding, approvedUnits) VALUES (23, 'Proposal', 'Sample Role', 'Sample Title', '2017-07-14', 'Sample Funding', 4);
INSERT INTO research (id, type, role, title, startDate, funding, approvedUnits) VALUES (24, 'Proposal', 'Sample Role', 'Sample Title', '2017-08-12', 'Sample Funding', 5);
INSERT INTO research (id, type, role, title, startDate, funding, approvedUnits) VALUES (25, 'Proposal', 'Sample Role', 'Sample Title', '2017-06-25', 'Sample Funding', 5);
INSERT INTO research (id, type, role, title, startDate, funding, approvedUnits) VALUES (26, 'Proposal', 'Sample Role', 'Sample Title', '2017-09-03', 'Sample Funding', 6);
INSERT INTO research (id, type, role, title, startDate, funding, approvedUnits) VALUES (27, 'Implementation', 'Sample Role', 'Sample Title', '2017-12-03', 'Sample Funding', 4);
INSERT INTO research (id, type, role, title, startDate, funding, approvedUnits) VALUES (28, 'Implementation', 'Sample Role', 'Sample Title', '2017-04-07', 'Sample Funding', 3);
INSERT INTO research (id, type, role, title, startDate, funding, approvedUnits) VALUES (29, 'Implementation', 'Sample Role', 'Sample Title', '2018-02-06', 'Sample Funding', 4);
INSERT INTO research (id, type, role, title, startDate, funding, approvedUnits) VALUES (30, 'Proposal', 'Sample Role', 'Sample Title', '2017-04-21', 'Sample Funding', 5);
INSERT INTO research (id, type, role, title, startDate, funding, approvedUnits) VALUES (31, 'Implementation', 'Sample Role', 'Sample Title', '2017-05-14', 'Sample Funding', 4);
INSERT INTO research (id, type, role, title, startDate, funding, approvedUnits) VALUES (32, 'Implementation', 'Sample Role', 'Sample Title', '2017-07-03', 'Sample Funding', 4);
INSERT INTO research (id, type, role, title, startDate, funding, approvedUnits) VALUES (33, 'Implementation', 'Sample Role', 'Sample Title', '2017-06-18', 'Sample Funding', 3);
INSERT INTO research (id, type, role, title, startDate, funding, approvedUnits) VALUES (34, 'Proposal', 'Sample Role', 'Sample Title', '2017-04-03', 'Sample Funding', 6);
INSERT INTO research (id, type, role, title, startDate, funding, approvedUnits) VALUES (35, 'Proposal', 'Sample Role', 'Sample Title', '2017-12-25', 'Sample Funding', 6);
INSERT INTO research (id, type, role, title, startDate, funding, approvedUnits) VALUES (36, 'Implementation', 'Sample Role', 'Sample Title', '2018-02-26', 'Sample Funding', 4);
INSERT INTO research (id, type, role, title, startDate, funding, approvedUnits) VALUES (37, 'Proposal', 'Sample Role', 'Sample Title', '2018-02-19', 'Sample Funding', 6);
INSERT INTO research (id, type, role, title, startDate, funding, approvedUnits) VALUES (38, 'Implementation', 'Sample Role', 'Sample Title', '2017-07-13', 'Sample Funding', 5);
INSERT INTO research (id, type, role, title, startDate, funding, approvedUnits) VALUES (39, 'Implementation', 'Sample Role', 'Sample Title', '2018-01-22', 'Sample Funding', 5);
INSERT INTO research (id, type, role, title, startDate, funding, approvedUnits) VALUES (40, 'Implementation', 'Sample Role', 'Sample Title', '2017-06-19', 'Sample Funding', 5);
INSERT INTO research (id, type, role, title, startDate, funding, approvedUnits) VALUES (41, 'Proposal', 'Sample Role', 'Sample Title', '2017-05-13', 'Sample Funding', 4);
INSERT INTO research (id, type, role, title, startDate, funding, approvedUnits) VALUES (42, 'Implementation', 'Sample Role', 'Sample Title', '2018-02-02', 'Sample Funding', 4);
INSERT INTO research (id, type, role, title, startDate, funding, approvedUnits) VALUES (43, 'Proposal', 'Sample Role', 'Sample Title', '2017-05-13', 'Sample Funding', 4);
INSERT INTO research (id, type, role, title, startDate, funding, approvedUnits) VALUES (44, 'Implementation', 'Sample Role', 'Sample Title', '2018-03-16', 'Sample Funding', 3);
INSERT INTO research (id, type, role, title, startDate, funding, approvedUnits) VALUES (45, 'Implementation', 'Sample Role', 'Sample Title', '2017-12-18', 'Sample Funding', 4);
INSERT INTO research (id, type, role, title, startDate, funding, approvedUnits) VALUES (46, 'Implementation', 'Sample Role', 'Sample Title', '2017-05-17', 'Sample Funding', 5);
INSERT INTO research (id, type, role, title, startDate, funding, approvedUnits) VALUES (47, 'Implementation', 'Sample Role', 'Sample Title', '2017-10-20', 'Sample Funding', 5);
INSERT INTO research (id, type, role, title, startDate, funding, approvedUnits) VALUES (48, 'Implementation', 'Sample Role', 'Sample Title', '2017-11-24', 'Sample Funding', 4);
INSERT INTO research (id, type, role, title, startDate, funding, approvedUnits) VALUES (49, 'Proposal', 'Sample Role', 'Sample Title', '2017-08-26', 'Sample Funding', 5);
INSERT INTO research (id, type, role, title, startDate, funding, approvedUnits) VALUES (50, 'Implementation', 'Sample Role', 'Sample Title', '2017-10-12', 'Sample Funding', 4);
INSERT INTO research (id, type, role, title, startDate, funding, approvedUnits) VALUES (51, 'Proposal', 'Sample Role', 'Sample Title', '2018-01-23', 'Sample Funding', 6);
INSERT INTO research (id, type, role, title, startDate, funding, approvedUnits) VALUES (52, 'Proposal', 'Sample Role', 'Sample Title', '2017-12-01', 'Sample Funding', 5);
INSERT INTO research (id, type, role, title, startDate, funding, approvedUnits) VALUES (53, 'Implementation', 'Sample Role', 'Sample Title', '2017-09-19', 'Sample Funding', 5);
INSERT INTO research (id, type, role, title, startDate, funding, approvedUnits) VALUES (54, 'Implementation', 'Sample Role', 'Sample Title', '2017-10-22', 'Sample Funding', 3);
INSERT INTO research (id, type, role, title, startDate, funding, approvedUnits) VALUES (55, 'Proposal', 'Sample Role', 'Sample Title', '2018-01-18', 'Sample Funding', 3);
INSERT INTO research (id, type, role, title, startDate, funding, approvedUnits) VALUES (56, 'Implementation', 'Sample Role', 'Sample Title', '2017-05-01', 'Sample Funding', 3);
INSERT INTO research (id, type, role, title, startDate, funding, approvedUnits) VALUES (57, 'Proposal', 'Sample Role', 'Sample Title', '2017-09-17', 'Sample Funding', 3);
INSERT INTO research (id, type, role, title, startDate, funding, approvedUnits) VALUES (58, 'Proposal', 'Sample Role', 'Sample Title', '2017-10-28', 'Sample Funding', 6);
INSERT INTO research (id, type, role, title, startDate, funding, approvedUnits) VALUES (59, 'Proposal', 'Sample Role', 'Sample Title', '2017-08-03', 'Sample Funding', 3);
INSERT INTO research (id, type, role, title, startDate, funding, approvedUnits) VALUES (60, 'Implementation', 'Sample Role', 'Sample Title', '2018-02-02', 'Sample Funding', 5);
INSERT INTO research (id, type, role, title, startDate, funding, approvedUnits) VALUES (61, 'Implementation', 'Sample Role', 'Sample Title', '2017-12-12', 'Sample Funding', 6);
INSERT INTO research (id, type, role, title, startDate, funding, approvedUnits) VALUES (62, 'Proposal', 'Sample Role', 'Sample Title', '2017-07-03', 'Sample Funding', 3);
INSERT INTO research (id, type, role, title, startDate, funding, approvedUnits) VALUES (63, 'Implementation', 'Sample Role', 'Sample Title', '2017-11-07', 'Sample Funding', 5);
INSERT INTO research (id, type, role, title, startDate, funding, approvedUnits) VALUES (64, 'Proposal', 'Sample Role', 'Sample Title', '2017-06-27', 'Sample Funding', 4);
INSERT INTO research (id, type, role, title, startDate, funding, approvedUnits) VALUES (65, 'Implementation', 'Sample Role', 'Sample Title', '2017-04-26', 'Sample Funding', 6);
INSERT INTO research (id, type, role, title, startDate, funding, approvedUnits) VALUES (66, 'Proposal', 'Sample Role', 'Sample Title', '2018-03-08', 'Sample Funding', 6);
INSERT INTO research (id, type, role, title, startDate, funding, approvedUnits) VALUES (67, 'Proposal', 'Sample Role', 'Sample Title', '2017-06-11', 'Sample Funding', 5);
INSERT INTO research (id, type, role, title, startDate, funding, approvedUnits) VALUES (68, 'Implementation', 'Sample Role', 'Sample Title', '2017-07-04', 'Sample Funding', 6);
INSERT INTO research (id, type, role, title, startDate, funding, approvedUnits) VALUES (69, 'Implementation', 'Sample Role', 'Sample Title', '2017-05-25', 'Sample Funding', 3);
INSERT INTO research (id, type, role, title, startDate, funding, approvedUnits) VALUES (70, 'Proposal', 'Sample Role', 'Sample Title', '2017-08-26', 'Sample Funding', 5);
INSERT INTO research (id, type, role, title, startDate, funding, approvedUnits) VALUES (71, 'Proposal', 'Sample Role', 'Sample Title', '2017-11-27', 'Sample Funding', 3);
INSERT INTO research (id, type, role, title, startDate, funding, approvedUnits) VALUES (72, 'Proposal', 'Sample Role', 'Sample Title', '2018-03-07', 'Sample Funding', 3);
INSERT INTO research (id, type, role, title, startDate, funding, approvedUnits) VALUES (73, 'Proposal', 'Sample Role', 'Sample Title', '2017-10-17', 'Sample Funding', 4);
INSERT INTO research (id, type, role, title, startDate, funding, approvedUnits) VALUES (74, 'Implementation', 'Sample Role', 'Sample Title', '2017-06-11', 'Sample Funding', 6);
INSERT INTO research (id, type, role, title, startDate, funding, approvedUnits) VALUES (75, 'Proposal', 'Sample Role', 'Sample Title', '2017-10-27', 'Sample Funding', 4);
INSERT INTO research (id, type, role, title, startDate, funding, approvedUnits) VALUES (76, 'Implementation', 'Sample Role', 'Sample Title', '2018-01-23', 'Sample Funding', 3);
INSERT INTO research (id, type, role, title, startDate, funding, approvedUnits) VALUES (77, 'Implementation', 'Sample Role', 'Sample Title', '2017-04-24', 'Sample Funding', 3);
INSERT INTO research (id, type, role, title, startDate, funding, approvedUnits) VALUES (78, 'Proposal', 'Sample Role', 'Sample Title', '2017-05-16', 'Sample Funding', 6);
INSERT INTO research (id, type, role, title, startDate, funding, approvedUnits) VALUES (79, 'Implementation', 'Sample Role', 'Sample Title', '2017-07-18', 'Sample Funding', 6);
INSERT INTO research (id, type, role, title, startDate, funding, approvedUnits) VALUES (80, 'Proposal', 'Sample Role', 'Sample Title', '2017-05-29', 'Sample Funding', 6);
INSERT INTO research (id, type, role, title, startDate, funding, approvedUnits) VALUES (81, 'Proposal', 'Sample Role', 'Sample Title', '2017-06-17', 'Sample Funding', 3);
INSERT INTO research (id, type, role, title, startDate, funding, approvedUnits) VALUES (82, 'Implementation', 'Sample Role', 'Sample Title', '2017-09-25', 'Sample Funding', 4);
INSERT INTO research (id, type, role, title, startDate, funding, approvedUnits) VALUES (83, 'Proposal', 'Sample Role', 'Sample Title', '2017-04-02', 'Sample Funding', 5);
INSERT INTO research (id, type, role, title, startDate, funding, approvedUnits) VALUES (84, 'Implementation', 'Sample Role', 'Sample Title', '2017-10-27', 'Sample Funding', 6);
INSERT INTO research (id, type, role, title, startDate, funding, approvedUnits) VALUES (85, 'Proposal', 'Sample Role', 'Sample Title', '2017-04-14', 'Sample Funding', 6);
INSERT INTO research (id, type, role, title, startDate, funding, approvedUnits) VALUES (86, 'Proposal', 'Sample Role', 'Sample Title', '2018-01-04', 'Sample Funding', 3);
INSERT INTO research (id, type, role, title, startDate, funding, approvedUnits) VALUES (87, 'Proposal', 'Sample Role', 'Sample Title', '2017-06-01', 'Sample Funding', 4);
INSERT INTO research (id, type, role, title, startDate, funding, approvedUnits) VALUES (88, 'Proposal', 'Sample Role', 'Sample Title', '2017-09-13', 'Sample Funding', 4);
INSERT INTO research (id, type, role, title, startDate, funding, approvedUnits) VALUES (89, 'Implementation', 'Sample Role', 'Sample Title', '2018-02-23', 'Sample Funding', 3);
INSERT INTO research (id, type, role, title, startDate, funding, approvedUnits) VALUES (90, 'Implementation', 'Sample Role', 'Sample Title', '2017-10-13', 'Sample Funding', 6);

-- RESEARCH CO-AUTHOR
INSERT INTO rCoAuthor (researchID, userID) VALUES (87, 13);
INSERT INTO rCoAuthor (researchID, userID) VALUES (51, 5);
INSERT INTO rCoAuthor (researchID, userID) VALUES (36, 11);
INSERT INTO rCoAuthor (researchID, userID) VALUES (66, 30);
INSERT INTO rCoAuthor (researchID, userID) VALUES (48, 27);
INSERT INTO rCoAuthor (researchID, userID) VALUES (70, 11);
INSERT INTO rCoAuthor (researchID, userID) VALUES (76, 30);
INSERT INTO rCoAuthor (researchID, userID) VALUES (78, 27);
INSERT INTO rCoAuthor (researchID, userID) VALUES (17, 26);
INSERT INTO rCoAuthor (researchID, userID) VALUES (81, 7);
INSERT INTO rCoAuthor (researchID, userID) VALUES (9, 13);
INSERT INTO rCoAuthor (researchID, userID) VALUES (78, 21);
INSERT INTO rCoAuthor (researchID, userID) VALUES (22, 2);
INSERT INTO rCoAuthor (researchID, userID) VALUES (83, 14);
INSERT INTO rCoAuthor (researchID, userID) VALUES (52, 16);
INSERT INTO rCoAuthor (researchID, userID) VALUES (8, 15);
INSERT INTO rCoAuthor (researchID, userID) VALUES (49, 7);
INSERT INTO rCoAuthor (researchID, userID) VALUES (32, 20);
INSERT INTO rCoAuthor (researchID, userID) VALUES (53, 17);
INSERT INTO rCoAuthor (researchID, userID) VALUES (12, 16);
INSERT INTO rCoAuthor (researchID, userID) VALUES (59, 12);
INSERT INTO rCoAuthor (researchID, userID) VALUES (66, 29);
INSERT INTO rCoAuthor (researchID, userID) VALUES (60, 26);
INSERT INTO rCoAuthor (researchID, userID) VALUES (53, 16);
INSERT INTO rCoAuthor (researchID, userID) VALUES (9, 13);
INSERT INTO rCoAuthor (researchID, userID) VALUES (67, 1);
INSERT INTO rCoAuthor (researchID, userID) VALUES (10, 15);
INSERT INTO rCoAuthor (researchID, userID) VALUES (83, 3);
INSERT INTO rCoAuthor (researchID, userID) VALUES (47, 28);
INSERT INTO rCoAuthor (researchID, userID) VALUES (85, 12);
INSERT INTO rCoAuthor (researchID, userID) VALUES (67, 16);
INSERT INTO rCoAuthor (researchID, userID) VALUES (49, 8);
INSERT INTO rCoAuthor (researchID, userID) VALUES (58, 3);
INSERT INTO rCoAuthor (researchID, userID) VALUES (79, 23);
INSERT INTO rCoAuthor (researchID, userID) VALUES (71, 13);
INSERT INTO rCoAuthor (researchID, userID) VALUES (65, 26);
INSERT INTO rCoAuthor (researchID, userID) VALUES (60, 6);
INSERT INTO rCoAuthor (researchID, userID) VALUES (4, 4);
INSERT INTO rCoAuthor (researchID, userID) VALUES (22, 5);
INSERT INTO rCoAuthor (researchID, userID) VALUES (31, 20);
INSERT INTO rCoAuthor (researchID, userID) VALUES (23, 19);
INSERT INTO rCoAuthor (researchID, userID) VALUES (28, 5);
INSERT INTO rCoAuthor (researchID, userID) VALUES (82, 28);
INSERT INTO rCoAuthor (researchID, userID) VALUES (7, 2);
INSERT INTO rCoAuthor (researchID, userID) VALUES (58, 25);
INSERT INTO rCoAuthor (researchID, userID) VALUES (74, 15);
INSERT INTO rCoAuthor (researchID, userID) VALUES (68, 12);
INSERT INTO rCoAuthor (researchID, userID) VALUES (70, 28);
INSERT INTO rCoAuthor (researchID, userID) VALUES (65, 2);
INSERT INTO rCoAuthor (researchID, userID) VALUES (55, 16);
INSERT INTO rCoAuthor (researchID, userID) VALUES (52, 2);
INSERT INTO rCoAuthor (researchID, userID) VALUES (26, 3);
INSERT INTO rCoAuthor (researchID, userID) VALUES (50, 6);
INSERT INTO rCoAuthor (researchID, userID) VALUES (35, 2);
INSERT INTO rCoAuthor (researchID, userID) VALUES (27, 24);
INSERT INTO rCoAuthor (researchID, userID) VALUES (62, 6);
INSERT INTO rCoAuthor (researchID, userID) VALUES (78, 20);
INSERT INTO rCoAuthor (researchID, userID) VALUES (57, 5);
INSERT INTO rCoAuthor (researchID, userID) VALUES (57, 16);
INSERT INTO rCoAuthor (researchID, userID) VALUES (7, 21);
INSERT INTO rCoAuthor (researchID, userID) VALUES (46, 7);
INSERT INTO rCoAuthor (researchID, userID) VALUES (37, 5);
INSERT INTO rCoAuthor (researchID, userID) VALUES (57, 26);
INSERT INTO rCoAuthor (researchID, userID) VALUES (47, 6);
INSERT INTO rCoAuthor (researchID, userID) VALUES (36, 18);
INSERT INTO rCoAuthor (researchID, userID) VALUES (50, 29);
INSERT INTO rCoAuthor (researchID, userID) VALUES (16, 16);
INSERT INTO rCoAuthor (researchID, userID) VALUES (8, 22);
INSERT INTO rCoAuthor (researchID, userID) VALUES (62, 30);
INSERT INTO rCoAuthor (researchID, userID) VALUES (34, 15);
INSERT INTO rCoAuthor (researchID, userID) VALUES (28, 13);
INSERT INTO rCoAuthor (researchID, userID) VALUES (82, 8);
INSERT INTO rCoAuthor (researchID, userID) VALUES (9, 19);
INSERT INTO rCoAuthor (researchID, userID) VALUES (49, 21);
INSERT INTO rCoAuthor (researchID, userID) VALUES (18, 15);
INSERT INTO rCoAuthor (researchID, userID) VALUES (29, 15);
INSERT INTO rCoAuthor (researchID, userID) VALUES (4, 28);
INSERT INTO rCoAuthor (researchID, userID) VALUES (44, 3);
INSERT INTO rCoAuthor (researchID, userID) VALUES (73, 1);
INSERT INTO rCoAuthor (researchID, userID) VALUES (19, 12);
INSERT INTO rCoAuthor (researchID, userID) VALUES (90, 9);
INSERT INTO rCoAuthor (researchID, userID) VALUES (6, 24);
INSERT INTO rCoAuthor (researchID, userID) VALUES (41, 30);
INSERT INTO rCoAuthor (researchID, userID) VALUES (32, 14);
INSERT INTO rCoAuthor (researchID, userID) VALUES (73, 16);
INSERT INTO rCoAuthor (researchID, userID) VALUES (48, 1);
INSERT INTO rCoAuthor (researchID, userID) VALUES (61, 20);
INSERT INTO rCoAuthor (researchID, userID) VALUES (7, 3);
INSERT INTO rCoAuthor (researchID, userID) VALUES (15, 12);
INSERT INTO rCoAuthor (researchID, userID) VALUES (18, 1);
INSERT INTO rCoAuthor (researchID, userID) VALUES (28, 11);
INSERT INTO rCoAuthor (researchID, userID) VALUES (15, 10);
INSERT INTO rCoAuthor (researchID, userID) VALUES (32, 21);
INSERT INTO rCoAuthor (researchID, userID) VALUES (49, 16);
INSERT INTO rCoAuthor (researchID, userID) VALUES (83, 26);
INSERT INTO rCoAuthor (researchID, userID) VALUES (35, 26);
INSERT INTO rCoAuthor (researchID, userID) VALUES (43, 28);
INSERT INTO rCoAuthor (researchID, userID) VALUES (29, 18);
INSERT INTO rCoAuthor (researchID, userID) VALUES (24, 27);
INSERT INTO rCoAuthor (researchID, userID) VALUES (82, 27);
INSERT INTO rCoAuthor (researchID, userID) VALUES (50, 24);
INSERT INTO rCoAuthor (researchID, userID) VALUES (77, 8);
INSERT INTO rCoAuthor (researchID, userID) VALUES (7, 9);
INSERT INTO rCoAuthor (researchID, userID) VALUES (59, 14);
INSERT INTO rCoAuthor (researchID, userID) VALUES (63, 12);
INSERT INTO rCoAuthor (researchID, userID) VALUES (12, 24);
INSERT INTO rCoAuthor (researchID, userID) VALUES (5, 28);
INSERT INTO rCoAuthor (researchID, userID) VALUES (82, 9);
INSERT INTO rCoAuthor (researchID, userID) VALUES (16, 25);
INSERT INTO rCoAuthor (researchID, userID) VALUES (41, 8);
INSERT INTO rCoAuthor (researchID, userID) VALUES (10, 21);
INSERT INTO rCoAuthor (researchID, userID) VALUES (23, 4);
INSERT INTO rCoAuthor (researchID, userID) VALUES (35, 18);
INSERT INTO rCoAuthor (researchID, userID) VALUES (76, 23);
INSERT INTO rCoAuthor (researchID, userID) VALUES (86, 2);
INSERT INTO rCoAuthor (researchID, userID) VALUES (38, 11);
INSERT INTO rCoAuthor (researchID, userID) VALUES (1, 5);
INSERT INTO rCoAuthor (researchID, userID) VALUES (48, 6);
INSERT INTO rCoAuthor (researchID, userID) VALUES (78, 12);
INSERT INTO rCoAuthor (researchID, userID) VALUES (37, 21);
INSERT INTO rCoAuthor (researchID, userID) VALUES (40, 6);
INSERT INTO rCoAuthor (researchID, userID) VALUES (71, 25);
INSERT INTO rCoAuthor (researchID, userID) VALUES (22, 13);
INSERT INTO rCoAuthor (researchID, userID) VALUES (29, 20);
INSERT INTO rCoAuthor (researchID, userID) VALUES (19, 18);
INSERT INTO rCoAuthor (researchID, userID) VALUES (75, 24);
INSERT INTO rCoAuthor (researchID, userID) VALUES (85, 11);
INSERT INTO rCoAuthor (researchID, userID) VALUES (54, 1);
INSERT INTO rCoAuthor (researchID, userID) VALUES (83, 16);
INSERT INTO rCoAuthor (researchID, userID) VALUES (75, 25);
INSERT INTO rCoAuthor (researchID, userID) VALUES (64, 19);
INSERT INTO rCoAuthor (researchID, userID) VALUES (60, 20);
INSERT INTO rCoAuthor (researchID, userID) VALUES (69, 2);
INSERT INTO rCoAuthor (researchID, userID) VALUES (28, 18);
INSERT INTO rCoAuthor (researchID, userID) VALUES (38, 29);
INSERT INTO rCoAuthor (researchID, userID) VALUES (47, 26);
INSERT INTO rCoAuthor (researchID, userID) VALUES (11, 27);
INSERT INTO rCoAuthor (researchID, userID) VALUES (25, 20);
INSERT INTO rCoAuthor (researchID, userID) VALUES (52, 8);
INSERT INTO rCoAuthor (researchID, userID) VALUES (8, 25);
INSERT INTO rCoAuthor (researchID, userID) VALUES (27, 7);
INSERT INTO rCoAuthor (researchID, userID) VALUES (22, 4);
INSERT INTO rCoAuthor (researchID, userID) VALUES (87, 11);
INSERT INTO rCoAuthor (researchID, userID) VALUES (27, 16);
INSERT INTO rCoAuthor (researchID, userID) VALUES (90, 15);
INSERT INTO rCoAuthor (researchID, userID) VALUES (61, 30);
INSERT INTO rCoAuthor (researchID, userID) VALUES (56, 5);
INSERT INTO rCoAuthor (researchID, userID) VALUES (25, 17);
INSERT INTO rCoAuthor (researchID, userID) VALUES (71, 24);
INSERT INTO rCoAuthor (researchID, userID) VALUES (11, 6);
INSERT INTO rCoAuthor (researchID, userID) VALUES (64, 4);
INSERT INTO rCoAuthor (researchID, userID) VALUES (38, 29);
INSERT INTO rCoAuthor (researchID, userID) VALUES (28, 2);
INSERT INTO rCoAuthor (researchID, userID) VALUES (11, 13);
INSERT INTO rCoAuthor (researchID, userID) VALUES (78, 13);
INSERT INTO rCoAuthor (researchID, userID) VALUES (4, 20);
INSERT INTO rCoAuthor (researchID, userID) VALUES (35, 16);
INSERT INTO rCoAuthor (researchID, userID) VALUES (14, 8);
INSERT INTO rCoAuthor (researchID, userID) VALUES (84, 15);
INSERT INTO rCoAuthor (researchID, userID) VALUES (56, 13);
INSERT INTO rCoAuthor (researchID, userID) VALUES (62, 23);
INSERT INTO rCoAuthor (researchID, userID) VALUES (4, 27);
INSERT INTO rCoAuthor (researchID, userID) VALUES (78, 9);
INSERT INTO rCoAuthor (researchID, userID) VALUES (54, 4);
INSERT INTO rCoAuthor (researchID, userID) VALUES (90, 15);
INSERT INTO rCoAuthor (researchID, userID) VALUES (3, 7);
INSERT INTO rCoAuthor (researchID, userID) VALUES (22, 7);
INSERT INTO rCoAuthor (researchID, userID) VALUES (2, 29);
INSERT INTO rCoAuthor (researchID, userID) VALUES (69, 6);
INSERT INTO rCoAuthor (researchID, userID) VALUES (19, 10);
INSERT INTO rCoAuthor (researchID, userID) VALUES (76, 11);
INSERT INTO rCoAuthor (researchID, userID) VALUES (82, 12);
INSERT INTO rCoAuthor (researchID, userID) VALUES (3, 20);
INSERT INTO rCoAuthor (researchID, userID) VALUES (29, 18);
INSERT INTO rCoAuthor (researchID, userID) VALUES (48, 17);
INSERT INTO rCoAuthor (researchID, userID) VALUES (85, 23);
INSERT INTO rCoAuthor (researchID, userID) VALUES (4, 9);
INSERT INTO rCoAuthor (researchID, userID) VALUES (74, 16);
INSERT INTO rCoAuthor (researchID, userID) VALUES (9, 14);
INSERT INTO rCoAuthor (researchID, userID) VALUES (59, 17);
INSERT INTO rCoAuthor (researchID, userID) VALUES (66, 13);
INSERT INTO rCoAuthor (researchID, userID) VALUES (79, 14);
INSERT INTO rCoAuthor (researchID, userID) VALUES (69, 30);
INSERT INTO rCoAuthor (researchID, userID) VALUES (47, 18);
INSERT INTO rCoAuthor (researchID, userID) VALUES (24, 18);
INSERT INTO rCoAuthor (researchID, userID) VALUES (69, 27);
INSERT INTO rCoAuthor (researchID, userID) VALUES (24, 21);
INSERT INTO rCoAuthor (researchID, userID) VALUES (38, 23);
INSERT INTO rCoAuthor (researchID, userID) VALUES (52, 13);
INSERT INTO rCoAuthor (researchID, userID) VALUES (47, 3);
INSERT INTO rCoAuthor (researchID, userID) VALUES (50, 24);
INSERT INTO rCoAuthor (researchID, userID) VALUES (19, 30);
INSERT INTO rCoAuthor (researchID, userID) VALUES (36, 16);
INSERT INTO rCoAuthor (researchID, userID) VALUES (31, 23);
INSERT INTO rCoAuthor (researchID, userID) VALUES (84, 20);
INSERT INTO rCoAuthor (researchID, userID) VALUES (6, 16);
INSERT INTO rCoAuthor (researchID, userID) VALUES (2, 4);
INSERT INTO rCoAuthor (researchID, userID) VALUES (1, 8);
INSERT INTO rCoAuthor (researchID, userID) VALUES (13, 13);
INSERT INTO rCoAuthor (researchID, userID) VALUES (47, 5);

-- NOTIFICATION
INSERT INTO notification (senderID, receiverID, message, dateSent, timeSent, isResolved) VALUES (2, 30, 'Phasellus sit amet erat. Nulla tempus. Vivamus in felis eu sapien cursus vestibulum.', '2017-08-06', '11:36:51', true);
INSERT INTO notification (senderID, receiverID, message, dateSent, timeSent, isResolved) VALUES (2, 18, 'Praesent blandit. Nam nulla. Integer pede justo, lacinia eget, tincidunt eget, tempus vel, pede.', '2017-01-25', '9:57:39', true);
INSERT INTO notification (senderID, receiverID, message, dateSent, timeSent, isResolved) VALUES (2, 30, 'Maecenas ut massa quis augue luctus tincidunt. Nulla mollis molestie lorem. Quisque ut erat.', '2017-05-12', '17:27:09', false);
INSERT INTO notification (senderID, receiverID, message, dateSent, timeSent, isResolved) VALUES (1, 9, 'Sed ante. Vivamus tortor. Duis mattis egestas metus.', '2018-02-21', '16:55:24', false);
INSERT INTO notification (senderID, receiverID, message, dateSent, timeSent, isResolved) VALUES (1, 21, 'Quisque id justo sit amet sapien dignissim vestibulum. Vestibulum ante ipsum primis in faucibus orci luctus et ultrices posuere cubilia Curae; Nulla dapibus dolor vel est. Donec odio justo, sollicitudin ut, suscipit a, feugiat et, eros.', '2018-02-01', '17:47:48', true);
INSERT INTO notification (senderID, receiverID, message, dateSent, timeSent, isResolved) VALUES (2, 4, 'Phasellus sit amet erat. Nulla tempus. Vivamus in felis eu sapien cursus vestibulum.', '2018-02-24', '18:59:01', true);
INSERT INTO notification (senderID, receiverID, message, dateSent, timeSent, isResolved) VALUES (1, 26, 'Cras mi pede, malesuada in, imperdiet et, commodo vulputate, justo. In blandit ultrices enim. Lorem ipsum dolor sit amet, consectetuer adipiscing elit.', '2017-04-30', '14:48:26', false);
INSERT INTO notification (senderID, receiverID, message, dateSent, timeSent, isResolved) VALUES (2, 21, 'Sed sagittis. Nam congue, risus semper porta volutpat, quam pede lobortis ligula, sit amet eleifend pede libero quis orci. Nullam molestie nibh in lectus.', '2017-04-08', '14:58:18', false);
INSERT INTO notification (senderID, receiverID, message, dateSent, timeSent, isResolved) VALUES (2, 23, 'Maecenas tristique, est et tempus semper, est quam pharetra magna, ac consequat metus sapien ut nunc. Vestibulum ante ipsum primis in faucibus orci luctus et ultrices posuere cubilia Curae; Mauris viverra diam vitae quam. Suspendisse potenti.', '2018-04-27', '17:46:53', false);
INSERT INTO notification (senderID, receiverID, message, dateSent, timeSent, isResolved) VALUES (2, 19, 'Integer tincidunt ante vel ipsum. Praesent blandit lacinia erat. Vestibulum sed magna at nunc commodo placerat.', '2017-02-21', '11:48:24', true);
INSERT INTO notification (senderID, receiverID, message, dateSent, timeSent, isResolved) VALUES (1, 17, 'Fusce posuere felis sed lacus. Morbi sem mauris, laoreet ut, rhoncus aliquet, pulvinar sed, nisl. Nunc rhoncus dui vel sem.', '2017-06-28', '9:49:05', true);
INSERT INTO notification (senderID, receiverID, message, dateSent, timeSent, isResolved) VALUES (2, 23, 'Nulla ut erat id mauris vulputate elementum. Nullam varius. Nulla facilisi.', '2018-01-28', '9:50:30', false);
INSERT INTO notification (senderID, receiverID, message, dateSent, timeSent, isResolved) VALUES (2, 24, 'Cras non velit nec nisi vulputate nonummy. Maecenas tincidunt lacus at velit. Vivamus vel nulla eget eros elementum pellentesque.', '2017-10-29', '11:05:02', true);
INSERT INTO notification (senderID, receiverID, message, dateSent, timeSent, isResolved) VALUES (2, 22, 'Aenean fermentum. Donec ut mauris eget massa tempor convallis. Nulla neque libero, convallis eget, eleifend luctus, ultricies eu, nibh.', '2018-01-04', '11:50:44', true);
INSERT INTO notification (senderID, receiverID, message, dateSent, timeSent, isResolved) VALUES (2, 6, 'Quisque porta volutpat erat. Quisque erat eros, viverra eget, congue eget, semper rutrum, nulla. Nunc purus.', '2017-12-06', '15:33:52', true);
INSERT INTO notification (senderID, receiverID, message, dateSent, timeSent, isResolved) VALUES (2, 25, 'Cum sociis natoque penatibus et magnis dis parturient montes, nascetur ridiculus mus. Vivamus vestibulum sagittis sapien. Cum sociis natoque penatibus et magnis dis parturient montes, nascetur ridiculus mus.', '2017-10-17', '16:10:46', false);
INSERT INTO notification (senderID, receiverID, message, dateSent, timeSent, isResolved) VALUES (2, 27, 'Lorem ipsum dolor sit amet, consectetuer adipiscing elit. Proin risus. Praesent lectus.', '2017-12-13', '15:41:17', false);
INSERT INTO notification (senderID, receiverID, message, dateSent, timeSent, isResolved) VALUES (2, 8, 'Phasellus in felis. Donec semper sapien a libero. Nam dui.', '2018-04-22', '14:42:19', true);
INSERT INTO notification (senderID, receiverID, message, dateSent, timeSent, isResolved) VALUES (1, 11, 'Aenean lectus. Pellentesque eget nunc. Donec quis orci eget orci vehicula condimentum.', '2017-06-06', '14:11:22', true);
INSERT INTO notification (senderID, receiverID, message, dateSent, timeSent, isResolved) VALUES (2, 13, 'Fusce consequat. Nulla nisl. Nunc nisl.', '2017-02-02', '9:13:55', true);
INSERT INTO notification (senderID, receiverID, message, dateSent, timeSent, isResolved) VALUES (2, 24, 'Aenean fermentum. Donec ut mauris eget massa tempor convallis. Nulla neque libero, convallis eget, eleifend luctus, ultricies eu, nibh.', '2018-04-09', '18:49:13', true);
INSERT INTO notification (senderID, receiverID, message, dateSent, timeSent, isResolved) VALUES (1, 10, 'Duis consequat dui nec nisi volutpat eleifend. Donec ut dolor. Morbi vel lectus in quam fringilla rhoncus.', '2018-01-05', '11:35:32', true);
INSERT INTO notification (senderID, receiverID, message, dateSent, timeSent, isResolved) VALUES (1, 29, 'Sed ante. Vivamus tortor. Duis mattis egestas metus.', '2018-03-03', '13:41:58', true);
INSERT INTO notification (senderID, receiverID, message, dateSent, timeSent, isResolved) VALUES (2, 30, 'Maecenas leo odio, condimentum id, luctus nec, molestie sed, justo. Pellentesque viverra pede ac diam. Cras pellentesque volutpat dui.', '2017-05-08', '12:35:57', true);
INSERT INTO notification (senderID, receiverID, message, dateSent, timeSent, isResolved) VALUES (2, 21, 'Nullam sit amet turpis elementum ligula vehicula consequat. Morbi a ipsum. Integer a nibh.', '2017-11-24', '18:53:55', false);
INSERT INTO notification (senderID, receiverID, message, dateSent, timeSent, isResolved) VALUES (1, 22, 'Integer ac leo. Pellentesque ultrices mattis odio. Donec vitae nisi.', '2017-04-04', '18:35:08', false);
INSERT INTO notification (senderID, receiverID, message, dateSent, timeSent, isResolved) VALUES (1, 6, 'Duis bibendum. Morbi non quam nec dui luctus rutrum. Nulla tellus.', '2017-08-27', '8:18:54', true);
INSERT INTO notification (senderID, receiverID, message, dateSent, timeSent, isResolved) VALUES (2, 30, 'Sed ante. Vivamus tortor. Duis mattis egestas metus.', '2017-11-14', '8:23:01', true);
INSERT INTO notification (senderID, receiverID, message, dateSent, timeSent, isResolved) VALUES (1, 8, 'Proin eu mi. Nulla ac enim. In tempor, turpis nec euismod scelerisque, quam turpis adipiscing lorem, vitae mattis nibh ligula nec sem.', '2018-03-10', '10:44:51', false);
INSERT INTO notification (senderID, receiverID, message, dateSent, timeSent, isResolved) VALUES (1, 5, 'Curabitur at ipsum ac tellus semper interdum. Mauris ullamcorper purus sit amet nulla. Quisque arcu libero, rutrum ac, lobortis vel, dapibus at, diam.', '2017-06-08', '9:39:53', true);
INSERT INTO notification (senderID, receiverID, message, dateSent, timeSent, isResolved) VALUES (1, 4, 'Cras mi pede, malesuada in, imperdiet et, commodo vulputate, justo. In blandit ultrices enim. Lorem ipsum dolor sit amet, consectetuer adipiscing elit.', '2017-10-13', '11:40:23', false);
INSERT INTO notification (senderID, receiverID, message, dateSent, timeSent, isResolved) VALUES (2, 24, 'Vestibulum quam sapien, varius ut, blandit non, interdum in, ante. Vestibulum ante ipsum primis in faucibus orci luctus et ultrices posuere cubilia Curae; Duis faucibus accumsan odio. Curabitur convallis.', '2018-02-27', '10:06:44', true);
INSERT INTO notification (senderID, receiverID, message, dateSent, timeSent, isResolved) VALUES (2, 24, 'Duis bibendum, felis sed interdum venenatis, turpis enim blandit mi, in porttitor pede justo eu massa. Donec dapibus. Duis at velit eu est congue elementum.', '2017-05-25', '18:28:09', false);
INSERT INTO notification (senderID, receiverID, message, dateSent, timeSent, isResolved) VALUES (1, 10, 'Phasellus in felis. Donec semper sapien a libero. Nam dui.', '2017-12-13', '9:35:16', true);
INSERT INTO notification (senderID, receiverID, message, dateSent, timeSent, isResolved) VALUES (1, 11, 'Duis bibendum, felis sed interdum venenatis, turpis enim blandit mi, in porttitor pede justo eu massa. Donec dapibus. Duis at velit eu est congue elementum.', '2017-02-24', '16:32:29', false);
INSERT INTO notification (senderID, receiverID, message, dateSent, timeSent, isResolved) VALUES (1, 4, 'Duis bibendum, felis sed interdum venenatis, turpis enim blandit mi, in porttitor pede justo eu massa. Donec dapibus. Duis at velit eu est congue elementum.', '2017-10-08', '9:27:03', true);
INSERT INTO notification (senderID, receiverID, message, dateSent, timeSent, isResolved) VALUES (2, 8, 'Curabitur in libero ut massa volutpat convallis. Morbi odio odio, elementum eu, interdum eu, tincidunt in, leo. Maecenas pulvinar lobortis est.', '2018-03-29', '15:20:46', false);
INSERT INTO notification (senderID, receiverID, message, dateSent, timeSent, isResolved) VALUES (2, 29, 'Duis bibendum. Morbi non quam nec dui luctus rutrum. Nulla tellus.', '2018-02-02', '14:33:18', false);
INSERT INTO notification (senderID, receiverID, message, dateSent, timeSent, isResolved) VALUES (1, 24, 'Proin interdum mauris non ligula pellentesque ultrices. Phasellus id sapien in sapien iaculis congue. Vivamus metus arcu, adipiscing molestie, hendrerit at, vulputate vitae, nisl.', '2018-01-20', '13:18:45', false);
INSERT INTO notification (senderID, receiverID, message, dateSent, timeSent, isResolved) VALUES (1, 3, 'Nullam porttitor lacus at turpis. Donec posuere metus vitae ipsum. Aliquam non mauris.', '2017-08-06', '13:57:49', true);
INSERT INTO notification (senderID, receiverID, message, dateSent, timeSent, isResolved) VALUES (2, 4, 'Nullam porttitor lacus at turpis. Donec posuere metus vitae ipsum. Aliquam non mauris.', '2017-05-08', '14:36:34', false);
INSERT INTO notification (senderID, receiverID, message, dateSent, timeSent, isResolved) VALUES (1, 6, 'Nam ultrices, libero non mattis pulvinar, nulla pede ullamcorper augue, a suscipit nulla elit ac nulla. Sed vel enim sit amet nunc viverra dapibus. Nulla suscipit ligula in lacus.', '2017-10-13', '15:54:54', false);
INSERT INTO notification (senderID, receiverID, message, dateSent, timeSent, isResolved) VALUES (1, 15, 'Donec diam neque, vestibulum eget, vulputate ut, ultrices vel, augue. Vestibulum ante ipsum primis in faucibus orci luctus et ultrices posuere cubilia Curae; Donec pharetra, magna vestibulum aliquet ultrices, erat tortor sollicitudin mi, sit amet lobortis sapien sapien non mi. Integer ac neque.', '2017-08-28', '16:54:17', false);
INSERT INTO notification (senderID, receiverID, message, dateSent, timeSent, isResolved) VALUES (1, 25, 'Morbi non lectus. Aliquam sit amet diam in magna bibendum imperdiet. Nullam orci pede, venenatis non, sodales sed, tincidunt eu, felis.', '2017-11-14', '15:44:52', true);
INSERT INTO notification (senderID, receiverID, message, dateSent, timeSent, isResolved) VALUES (2, 5, 'Quisque id justo sit amet sapien dignissim vestibulum. Vestibulum ante ipsum primis in faucibus orci luctus et ultrices posuere cubilia Curae; Nulla dapibus dolor vel est. Donec odio justo, sollicitudin ut, suscipit a, feugiat et, eros.', '2017-08-17', '15:13:02', true);
INSERT INTO notification (senderID, receiverID, message, dateSent, timeSent, isResolved) VALUES (1, 16, 'Phasellus sit amet erat. Nulla tempus. Vivamus in felis eu sapien cursus vestibulum.', '2017-07-10', '11:45:43', false);
INSERT INTO notification (senderID, receiverID, message, dateSent, timeSent, isResolved) VALUES (2, 13, 'Duis aliquam convallis nunc. Proin at turpis a pede posuere nonummy. Integer non velit.', '2017-09-19', '18:33:48', true);
INSERT INTO notification (senderID, receiverID, message, dateSent, timeSent, isResolved) VALUES (1, 24, 'Duis bibendum, felis sed interdum venenatis, turpis enim blandit mi, in porttitor pede justo eu massa. Donec dapibus. Duis at velit eu est congue elementum.', '2017-09-13', '16:31:43', true);
INSERT INTO notification (senderID, receiverID, message, dateSent, timeSent, isResolved) VALUES (1, 12, 'Vestibulum quam sapien, varius ut, blandit non, interdum in, ante. Vestibulum ante ipsum primis in faucibus orci luctus et ultrices posuere cubilia Curae; Duis faucibus accumsan odio. Curabitur convallis.', '2017-07-26', '17:30:53', false);
INSERT INTO notification (senderID, receiverID, message, dateSent, timeSent, isResolved) VALUES (2, 23, 'Lorem ipsum dolor sit amet, consectetuer adipiscing elit. Proin risus. Praesent lectus.', '2018-05-03', '10:05:13', true);

-- ANNOUNCEMENT
INSERT INTO announcement (userID, title, body, isResolved) VALUES (2, 'Flipper', 'Proin eu mi. Nulla ac enim. In tempor, turpis nec euismod scelerisque, quam turpis adipiscing lorem, vitae mattis nibh ligula nec sem.

Duis aliquam convallis nunc. Proin at turpis a pede posuere nonummy. Integer non velit.', true);
INSERT INTO announcement (userID, title, body, isResolved) VALUES (1, 'Amazing Adventure, The (a.k.a. The Amazing Quest of Ernest Bliss)', 'Phasellus sit amet erat. Nulla tempus. Vivamus in felis eu sapien cursus vestibulum.

Proin eu mi. Nulla ac enim. In tempor, turpis nec euismod scelerisque, quam turpis adipiscing lorem, vitae mattis nibh ligula nec sem.', false);
INSERT INTO announcement (userID, title, body, isResolved) VALUES (1, 'Lourdes', 'Nullam sit amet turpis elementum ligula vehicula consequat. Morbi a ipsum. Integer a nibh.', false);
INSERT INTO announcement (userID, title, body, isResolved) VALUES (2, 'Many Rivers to Cross', 'In hac habitasse platea dictumst. Etiam faucibus cursus urna. Ut tellus.', true);
INSERT INTO announcement (userID, title, body, isResolved) VALUES (1, 'Girl, The (Flickan)', 'Quisque porta volutpat erat. Quisque erat eros, viverra eget, congue eget, semper rutrum, nulla. Nunc purus.

Phasellus in felis. Donec semper sapien a libero. Nam dui.', true);
INSERT INTO announcement (userID, title, body, isResolved) VALUES (1, 'Vengeance: The Story of Tony Cimo', 'In congue. Etiam justo. Etiam pretium iaculis justo.

In hac habitasse platea dictumst. Etiam faucibus cursus urna. Ut tellus.', true);
INSERT INTO announcement (userID, title, body, isResolved) VALUES (1, 'Double Vision (Shuang tong)', 'Phasellus in felis. Donec semper sapien a libero. Nam dui.

Proin leo odio, porttitor id, consequat in, consequat ut, nulla. Sed accumsan felis. Ut at dolor quis odio consequat varius.', true);
INSERT INTO announcement (userID, title, body, isResolved) VALUES (1, 'Donovan''s Brain', 'Curabitur gravida nisi at nibh. In hac habitasse platea dictumst. Aliquam augue quam, sollicitudin vitae, consectetuer eget, rutrum at, lorem.', false);
INSERT INTO announcement (userID, title, body, isResolved) VALUES (1, 'Gore Gore Girls, The', 'Suspendisse potenti. In eleifend quam a odio. In hac habitasse platea dictumst.

Maecenas ut massa quis augue luctus tincidunt. Nulla mollis molestie lorem. Quisque ut erat.', false);
INSERT INTO announcement (userID, title, body, isResolved) VALUES (2, 'Vertical Ray of the Sun, The (Mua he chieu thang dung)', 'Mauris enim leo, rhoncus sed, vestibulum sit amet, cursus id, turpis. Integer aliquet, massa id lobortis convallis, tortor risus dapibus augue, vel accumsan tellus nisi eu orci. Mauris lacinia sapien quis libero.

Nullam sit amet turpis elementum ligula vehicula consequat. Morbi a ipsum. Integer a nibh.', false);
INSERT INTO announcement (userID, title, body, isResolved) VALUES (1, 'Tunnel, The (Tunnel, Der)', 'Maecenas ut massa quis augue luctus tincidunt. Nulla mollis molestie lorem. Quisque ut erat.

Curabitur gravida nisi at nibh. In hac habitasse platea dictumst. Aliquam augue quam, sollicitudin vitae, consectetuer eget, rutrum at, lorem.', true);
INSERT INTO announcement (userID, title, body, isResolved) VALUES (2, 'Brain, The', 'Proin interdum mauris non ligula pellentesque ultrices. Phasellus id sapien in sapien iaculis congue. Vivamus metus arcu, adipiscing molestie, hendrerit at, vulputate vitae, nisl.', false);
INSERT INTO announcement (userID, title, body, isResolved) VALUES (1, 'Paddington', 'Suspendisse potenti. In eleifend quam a odio. In hac habitasse platea dictumst.', true);
INSERT INTO announcement (userID, title, body, isResolved) VALUES (2, 'Nine Dead Gay Guys', 'Vestibulum ac est lacinia nisi venenatis tristique. Fusce congue, diam id ornare imperdiet, sapien urna pretium nisl, ut volutpat sapien arcu sed augue. Aliquam erat volutpat.

In congue. Etiam justo. Etiam pretium iaculis justo.', false);
INSERT INTO announcement (userID, title, body, isResolved) VALUES (2, 'Railway Children, The', 'Proin leo odio, porttitor id, consequat in, consequat ut, nulla. Sed accumsan felis. Ut at dolor quis odio consequat varius.', true);
INSERT INTO announcement (userID, title, body, isResolved) VALUES (1, 'Fatal Hour, The', 'Donec diam neque, vestibulum eget, vulputate ut, ultrices vel, augue. Vestibulum ante ipsum primis in faucibus orci luctus et ultrices posuere cubilia Curae; Donec pharetra, magna vestibulum aliquet ultrices, erat tortor sollicitudin mi, sit amet lobortis sapien sapien non mi. Integer ac neque.

Duis bibendum. Morbi non quam nec dui luctus rutrum. Nulla tellus.', false);
INSERT INTO announcement (userID, title, body, isResolved) VALUES (2, 'Other F Word, The', 'Praesent id massa id nisl venenatis lacinia. Aenean sit amet justo. Morbi ut odio.', true);
INSERT INTO announcement (userID, title, body, isResolved) VALUES (1, 'Sightseers', 'In hac habitasse platea dictumst. Etiam faucibus cursus urna. Ut tellus.', true);
INSERT INTO announcement (userID, title, body, isResolved) VALUES (2, 'Battle of Britain', 'Cum sociis natoque penatibus et magnis dis parturient montes, nascetur ridiculus mus. Vivamus vestibulum sagittis sapien. Cum sociis natoque penatibus et magnis dis parturient montes, nascetur ridiculus mus.', false);
INSERT INTO announcement (userID, title, body, isResolved) VALUES (2, 'Fatty Drives the Bus', 'Maecenas tristique, est et tempus semper, est quam pharetra magna, ac consequat metus sapien ut nunc. Vestibulum ante ipsum primis in faucibus orci luctus et ultrices posuere cubilia Curae; Mauris viverra diam vitae quam. Suspendisse potenti.

Nullam porttitor lacus at turpis. Donec posuere metus vitae ipsum. Aliquam non mauris.', false);
INSERT INTO announcement (userID, title, body, isResolved) VALUES (1, 'Enemy of the People, An', 'Vestibulum quam sapien, varius ut, blandit non, interdum in, ante. Vestibulum ante ipsum primis in faucibus orci luctus et ultrices posuere cubilia Curae; Duis faucibus accumsan odio. Curabitur convallis.', true);
INSERT INTO announcement (userID, title, body, isResolved) VALUES (2, 'Sunday Day in Hell, A (En forrsdag i Helvede)', 'Phasellus sit amet erat. Nulla tempus. Vivamus in felis eu sapien cursus vestibulum.

Proin eu mi. Nulla ac enim. In tempor, turpis nec euismod scelerisque, quam turpis adipiscing lorem, vitae mattis nibh ligula nec sem.', true);
INSERT INTO announcement (userID, title, body, isResolved) VALUES (1, 'Monga', 'Morbi porttitor lorem id ligula. Suspendisse ornare consequat lectus. In est risus, auctor sed, tristique in, tempus sit amet, sem.', true);
INSERT INTO announcement (userID, title, body, isResolved) VALUES (2, 'Bang Bang Club, The', 'Donec diam neque, vestibulum eget, vulputate ut, ultrices vel, augue. Vestibulum ante ipsum primis in faucibus orci luctus et ultrices posuere cubilia Curae; Donec pharetra, magna vestibulum aliquet ultrices, erat tortor sollicitudin mi, sit amet lobortis sapien sapien non mi. Integer ac neque.', false);
INSERT INTO announcement (userID, title, body, isResolved) VALUES (1, 'Bartok the Magnificent', 'Cras mi pede, malesuada in, imperdiet et, commodo vulputate, justo. In blandit ultrices enim. Lorem ipsum dolor sit amet, consectetuer adipiscing elit.', true);
INSERT INTO announcement (userID, title, body, isResolved) VALUES (2, 'Just Friends?', 'Cum sociis natoque penatibus et magnis dis parturient montes, nascetur ridiculus mus. Vivamus vestibulum sagittis sapien. Cum sociis natoque penatibus et magnis dis parturient montes, nascetur ridiculus mus.', true);
INSERT INTO announcement (userID, title, body, isResolved) VALUES (2, 'So Long Letty', 'Phasellus in felis. Donec semper sapien a libero. Nam dui.', true);
INSERT INTO announcement (userID, title, body, isResolved) VALUES (1, 'How to Survive a Plague', 'Vestibulum ac est lacinia nisi venenatis tristique. Fusce congue, diam id ornare imperdiet, sapien urna pretium nisl, ut volutpat sapien arcu sed augue. Aliquam erat volutpat.

In congue. Etiam justo. Etiam pretium iaculis justo.', true);
INSERT INTO announcement (userID, title, body, isResolved) VALUES (2, 'Regeneration', 'Integer ac leo. Pellentesque ultrices mattis odio. Donec vitae nisi.

Nam ultrices, libero non mattis pulvinar, nulla pede ullamcorper augue, a suscipit nulla elit ac nulla. Sed vel enim sit amet nunc viverra dapibus. Nulla suscipit ligula in lacus.', false);
INSERT INTO announcement (userID, title, body, isResolved) VALUES (2, 'Grotesque (Gurotesuku)', 'Fusce consequat. Nulla nisl. Nunc nisl.

Duis bibendum, felis sed interdum venenatis, turpis enim blandit mi, in porttitor pede justo eu massa. Donec dapibus. Duis at velit eu est congue elementum.', false);
INSERT INTO announcement (userID, title, body, isResolved) VALUES (1, 'Street People', 'Aliquam quis turpis eget elit sodales scelerisque. Mauris sit amet eros. Suspendisse accumsan tortor quis turpis.', true);
INSERT INTO announcement (userID, title, body, isResolved) VALUES (1, 'Secretariat', 'Proin eu mi. Nulla ac enim. In tempor, turpis nec euismod scelerisque, quam turpis adipiscing lorem, vitae mattis nibh ligula nec sem.', false);
INSERT INTO announcement (userID, title, body, isResolved) VALUES (2, 'Charlie Chan and the Curse of the Dragon Queen', 'Fusce consequat. Nulla nisl. Nunc nisl.

Duis bibendum, felis sed interdum venenatis, turpis enim blandit mi, in porttitor pede justo eu massa. Donec dapibus. Duis at velit eu est congue elementum.', false);
INSERT INTO announcement (userID, title, body, isResolved) VALUES (2, 'Bloody Mama', 'Etiam vel augue. Vestibulum rutrum rutrum neque. Aenean auctor gravida sem.

Praesent id massa id nisl venenatis lacinia. Aenean sit amet justo. Morbi ut odio.', false);
INSERT INTO announcement (userID, title, body, isResolved) VALUES (2, 'Musketeer, The', 'Morbi porttitor lorem id ligula. Suspendisse ornare consequat lectus. In est risus, auctor sed, tristique in, tempus sit amet, sem.

Fusce consequat. Nulla nisl. Nunc nisl.', false);
INSERT INTO announcement (userID, title, body, isResolved) VALUES (2, 'Marvin''s Room', 'In sagittis dui vel nisl. Duis ac nibh. Fusce lacus purus, aliquet at, feugiat non, pretium quis, lectus.', true);
INSERT INTO announcement (userID, title, body, isResolved) VALUES (2, 'Predator', 'Vestibulum quam sapien, varius ut, blandit non, interdum in, ante. Vestibulum ante ipsum primis in faucibus orci luctus et ultrices posuere cubilia Curae; Duis faucibus accumsan odio. Curabitur convallis.

Duis consequat dui nec nisi volutpat eleifend. Donec ut dolor. Morbi vel lectus in quam fringilla rhoncus.', false);
INSERT INTO announcement (userID, title, body, isResolved) VALUES (1, 'My Son, My Son, What Have Ye Done', 'Duis aliquam convallis nunc. Proin at turpis a pede posuere nonummy. Integer non velit.', false);
INSERT INTO announcement (userID, title, body, isResolved) VALUES (1, 'Superbad', 'Curabitur gravida nisi at nibh. In hac habitasse platea dictumst. Aliquam augue quam, sollicitudin vitae, consectetuer eget, rutrum at, lorem.

Integer tincidunt ante vel ipsum. Praesent blandit lacinia erat. Vestibulum sed magna at nunc commodo placerat.', true);
INSERT INTO announcement (userID, title, body, isResolved) VALUES (2, 'Small Circle of Friends, A', 'Duis bibendum. Morbi non quam nec dui luctus rutrum. Nulla tellus.

In sagittis dui vel nisl. Duis ac nibh. Fusce lacus purus, aliquet at, feugiat non, pretium quis, lectus.', false);
INSERT INTO announcement (userID, title, body, isResolved) VALUES (1, 'Spirit of St. Louis, The', 'Duis bibendum. Morbi non quam nec dui luctus rutrum. Nulla tellus.', false);
INSERT INTO announcement (userID, title, body, isResolved) VALUES (1, 'Cass', 'Suspendisse potenti. In eleifend quam a odio. In hac habitasse platea dictumst.', false);
INSERT INTO announcement (userID, title, body, isResolved) VALUES (1, 'Only Daughter', 'In hac habitasse platea dictumst. Etiam faucibus cursus urna. Ut tellus.

Nulla ut erat id mauris vulputate elementum. Nullam varius. Nulla facilisi.', false);
INSERT INTO announcement (userID, title, body, isResolved) VALUES (1, 'Cameraman: The Life and Work of Jack Cardiff', 'Duis bibendum. Morbi non quam nec dui luctus rutrum. Nulla tellus.', false);
INSERT INTO announcement (userID, title, body, isResolved) VALUES (2, 'Primeval', 'Nullam porttitor lacus at turpis. Donec posuere metus vitae ipsum. Aliquam non mauris.

Morbi non lectus. Aliquam sit amet diam in magna bibendum imperdiet. Nullam orci pede, venenatis non, sodales sed, tincidunt eu, felis.', false);
INSERT INTO announcement (userID, title, body, isResolved) VALUES (2, 'Crave', 'In hac habitasse platea dictumst. Etiam faucibus cursus urna. Ut tellus.', true);
INSERT INTO announcement (userID, title, body, isResolved) VALUES (1, 'Ice House, The', 'Vestibulum ac est lacinia nisi venenatis tristique. Fusce congue, diam id ornare imperdiet, sapien urna pretium nisl, ut volutpat sapien arcu sed augue. Aliquam erat volutpat.

In congue. Etiam justo. Etiam pretium iaculis justo.', true);
INSERT INTO announcement (userID, title, body, isResolved) VALUES (1, 'Life and Adventures of Santa Claus, The', 'In quis justo. Maecenas rhoncus aliquam lacus. Morbi quis tortor id nulla ultrices aliquet.', false);
INSERT INTO announcement (userID, title, body, isResolved) VALUES (1, 'Open Grave', 'Donec diam neque, vestibulum eget, vulputate ut, ultrices vel, augue. Vestibulum ante ipsum primis in faucibus orci luctus et ultrices posuere cubilia Curae; Donec pharetra, magna vestibulum aliquet ultrices, erat tortor sollicitudin mi, sit amet lobortis sapien sapien non mi. Integer ac neque.', false);
INSERT INTO announcement (userID, title, body, isResolved) VALUES (1, 'Zombie Strippers!', 'Duis bibendum, felis sed interdum venenatis, turpis enim blandit mi, in porttitor pede justo eu massa. Donec dapibus. Duis at velit eu est congue elementum.

In hac habitasse platea dictumst. Morbi vestibulum, velit id pretium iaculis, diam erat fermentum justo, nec condimentum neque sapien placerat ante. Nulla justo.', false);
